Generation,Best Distance,Average Distance,Gen Time (s),Cumulative Time (s)
0,21654.439491585457,26473.671274746655,0.007748842239379883,0.007750511169433594
1,21174.43873935609,24791.831231461976,0.007772684097290039,0.015993595123291016
2,20216.224157663695,23462.20654664004,0.009128093719482422,0.02538275718688965
3,19391.655741381237,22774.277211548793,0.007704257965087891,0.03345942497253418
4,18834.947192712105,22034.99666554251,0.007872819900512695,0.04158186912536621
5,18119.44868848372,21191.26651065218,0.007598161697387695,0.049657344818115234
6,16751.450683067047,20459.97053501195,0.008128643035888672,0.05803632736206055
7,16611.435196790364,19615.050445746638,0.008008241653442383,0.06669211387634277
8,15724.90381380366,18811.345398691712,0.008433341979980469,0.07536530494689941
9,14933.416974568187,18223.922202966864,0.007632017135620117,0.08348608016967773
10,14933.416974568187,17779.474508592648,0.0079193115234375,0.0916132926940918
11,14136.320573959209,17304.682349990617,0.007733345031738281,0.09975433349609375
12,14136.320573959209,16784.639126478723,0.007932662963867188,0.10807394981384277
13,14136.320573959209,16398.606726091304,0.007855653762817383,0.11637377738952637
14,14127.98826700145,16111.965240766936,0.007636070251464844,0.12441158294677734
15,13488.006201497126,15805.25283330931,0.0076084136962890625,0.13242387771606445
16,13488.006201497126,15457.886112414963,0.007672309875488281,0.14040517807006836
17,12916.24329017831,15292.616629570903,0.00764775276184082,0.1484203338623047
18,12916.24329017831,15051.827977497387,0.007822036743164062,0.15667104721069336
19,12626.842926190593,14807.225155859402,0.007923603057861328,0.16509652137756348
20,12626.842926190593,14765.064769186996,0.009415626525878906,0.175187349319458
21,12626.842926190593,14667.947791624805,0.009451627731323242,0.18509817123413086
22,12022.375240074158,14491.359962717279,0.008613824844360352,0.19418621063232422
23,11383.61955832166,14275.506234680965,0.009791851043701172,0.20441842079162598
24,11179.810626791716,13796.225274328317,0.007582426071166992,0.2124614715576172
25,11028.436854958745,13438.377111608279,0.007616281509399414,0.22039198875427246
26,11028.436854958745,12864.851331169059,0.007664680480957031,0.2283022403717041
27,11028.436854958745,12557.346922565543,0.007516145706176758,0.2361466884613037
28,11010.3988160491,12371.20692320399,0.007730960845947266,0.24413299560546875
29,10961.820912088988,12299.99752411242,0.0075724124908447266,0.25228333473205566
30,10683.86132716129,12163.108581977747,0.007715940475463867,0.26030874252319336
31,10559.515775567957,12084.130908218294,0.007480144500732422,0.26816248893737793
32,10499.14438643825,11999.828766416831,0.008154869079589844,0.2765622138977051
33,10137.738736878131,12052.808058614504,0.007588624954223633,0.28453731536865234
34,10137.738736878131,11953.345173919583,0.007860660552978516,0.29261040687561035
35,10121.181049470386,11877.122948597733,0.007632732391357422,0.3008310794830322
36,9821.278331647201,11680.692939409642,0.008316516876220703,0.3093695640563965
37,9821.278331647201,11426.348870875381,0.007638216018676758,0.31742072105407715
38,9800.872077432505,11335.937518502968,0.007560014724731445,0.32523369789123535
39,9416.62967800019,11208.967834166113,0.007515907287597656,0.33304476737976074
40,9337.679646235165,11171.207544181238,0.007526397705078125,0.3408067226409912
41,9337.679646235165,11013.903935429955,0.007586002349853516,0.34859538078308105
42,9337.679646235165,10803.768357238627,0.0076982975006103516,0.35659074783325195
43,9139.455292888419,10845.363852231465,0.007693052291870117,0.3646697998046875
44,9139.455292888419,10768.358395609295,0.008906841278076172,0.3738830089569092
45,9139.455292888419,10620.97247436904,0.007771968841552734,0.3819727897644043
46,9139.455292888419,10655.550052703938,0.007640838623046875,0.38991856575012207
47,9017.776031529147,10664.64818290601,0.007676839828491211,0.39783334732055664
48,9017.776031529147,10709.565957724422,0.00761866569519043,0.4057199954986572
49,8969.678712638926,10593.854393340778,0.007734060287475586,0.4138219356536865
50,8882.562872462118,10534.489239702423,0.0076885223388671875,0.4218921661376953
51,8882.562872462118,10525.214258194457,0.00800943374633789,0.43044567108154297
52,8550.421092617835,10220.182152623176,0.008858919143676758,0.4397134780883789
53,8550.421092617835,10113.870950060455,0.007910728454589844,0.44799089431762695
54,8308.80154323752,10006.552146631273,0.008039712905883789,0.45656442642211914
55,8308.80154323752,9964.715670740483,0.007570505142211914,0.46466541290283203
56,8308.80154323752,9885.388563973816,0.0076961517333984375,0.47260022163391113
57,8274.81195787949,9736.17567776267,0.007750511169433594,0.48073649406433105
58,8136.249314533825,9655.73609513711,0.0077075958251953125,0.4887511730194092
59,8092.709807193194,9536.673472209373,0.007765531539916992,0.4968681335449219
60,8053.1105767813415,9461.986876391737,0.008016347885131836,0.5052192211151123
61,7919.300214567668,9417.842820483143,0.007838010787963867,0.5134565830230713
62,7839.35636237325,9271.543301079859,0.007515907287597656,0.5212192535400391
63,7839.35636237325,9192.056844714769,0.00765228271484375,0.5291228294372559
64,7836.161476815185,9151.513006357769,0.0076100826263427734,0.5369360446929932
65,7736.727253231183,9007.599471603353,0.007605314254760742,0.5448954105377197
66,7736.727253231183,9079.209144808865,0.0075795650482177734,0.5527150630950928
67,7736.727253231183,9014.019076859264,0.0075304508209228516,0.5604791641235352
68,7736.727253231183,8913.468147353975,0.0076253414154052734,0.5683732032775879
69,7736.727253231183,8854.334141821153,0.008939981460571289,0.5776288509368896
70,7681.730637215459,8846.749517397144,0.007743120193481445,0.5856900215148926
71,7631.952181600235,8765.759487307321,0.007633209228515625,0.5935988426208496
72,7631.952181600235,8917.03516569127,0.00795292854309082,0.6017653942108154
73,7625.290950712691,8936.063947975761,0.007672309875488281,0.6098573207855225
74,7570.294334696966,8780.318744373746,0.007770538330078125,0.6179406642913818
75,7520.515879081743,8696.660830379642,0.00894474983215332,0.6272659301757812
76,7465.5192630660185,8696.196572008026,0.007704734802246094,0.6352953910827637
77,7323.911597256951,8607.443979291069,0.007715463638305664,0.6434261798858643
78,7323.911597256951,8553.73214829251,0.0076787471771240234,0.6514928340911865
79,7323.911597256951,8494.169306936377,0.007615804672241211,0.659358024597168
80,7323.911597256951,8403.179593190465,0.007583141326904297,0.6674482822418213
81,7323.911597256951,8385.028455075108,0.008913040161132812,0.6765706539154053
82,7268.914981241227,8369.894296082484,0.007494449615478516,0.6844100952148438
83,7215.907561193485,8375.53785215975,0.007598400115966797,0.692227840423584
84,7215.907561193485,8455.227652205525,0.007543802261352539,0.7001173496246338
85,7215.907561193485,8367.191910391079,0.008086681365966797,0.7084085941314697
86,7215.907561193485,8380.36824137765,0.007767915725708008,0.7174882888793945
87,7215.907561193485,8301.094488920515,0.007788419723510742,0.7255027294158936
88,7215.907561193485,8254.799345097039,0.007573366165161133,0.7334303855895996
89,7161.983994953052,8211.908626266479,0.007711887359619141,0.7413725852966309
90,7161.983994953052,8221.86130057465,0.007635593414306641,0.7493185997009277
91,7161.983994953052,8178.684536124645,0.009019851684570312,0.7585487365722656
92,7116.891397349348,8286.578801975113,0.00778961181640625,0.7667796611785889
93,7116.891397349348,8308.301633718978,0.007673740386962891,0.7746868133544922
94,7049.499953386958,8310.434817500141,0.00846409797668457,0.7833662033081055
95,7049.499953386958,8299.989720215159,0.009574651718139648,0.7933375835418701
96,7049.499953386958,8306.248490034051,0.007811784744262695,0.8014802932739258
97,7049.499953386958,8261.948521643784,0.00770115852355957,0.8094232082366943
98,7044.422031505077,8306.305228420602,0.007730722427368164,0.8174536228179932
99,6977.541542859015,8328.679277293852,0.00901031494140625,0.8267207145690918
100,6977.541542859015,8275.76662571511,0.007809877395629883,0.834834098815918
101,6977.541542859015,8375.918193238562,0.00821065902709961,0.8434655666351318
102,6822.265148834151,8264.480950212346,0.007806062698364258,0.8515207767486572
103,6822.265148834151,8236.146689216159,0.00815272331237793,0.860069990158081
104,6768.438565825151,8180.349305069904,0.008097171783447266,0.8686938285827637
105,6696.4801552972085,8075.949546634748,0.007941722869873047,0.8769457340240479
106,6696.4801552972085,7901.590296037137,0.007674455642700195,0.8851191997528076
107,6696.4801552972085,7887.736984418195,0.007738590240478516,0.8930792808532715
108,6696.4801552972085,7735.160586212829,0.0076313018798828125,0.9009726047515869
109,6696.4801552972085,7732.329638686473,0.009238481521606445,0.9104549884796143
110,6696.4801552972085,7768.045971574998,0.00857400894165039,0.9195096492767334
111,6696.4801552972085,7688.303580898508,0.007767438888549805,0.9276788234710693
112,6696.4801552972085,7703.909664478216,0.007652997970581055,0.9356691837310791
113,6696.4801552972085,7667.161584170056,0.009143352508544922,0.9450423717498779
114,6696.4801552972085,7670.471542176544,0.0077478885650634766,0.9531698226928711
115,6696.4801552972085,7683.511439450464,0.007888555526733398,0.9614219665527344
116,6696.4801552972085,7654.252711412704,0.0077266693115234375,0.9695169925689697
117,6696.4801552972085,7640.585266576982,0.007745027542114258,0.9775142669677734
118,6696.4801552972085,7613.134523679527,0.007914304733276367,0.9858241081237793
119,6696.4801552972085,7588.9433677399265,0.009027719497680664,0.9951250553131104
120,6696.4801552972085,7660.210387271954,0.007732391357421875,1.0033879280090332
121,6696.4801552972085,7657.415723935072,0.007713794708251953,1.011427879333496
122,6696.4801552972085,7747.990538149649,0.007687807083129883,1.019362449645996
123,6696.4801552972085,7707.237298488472,0.007615566253662109,1.0272457599639893
124,6696.4801552972085,7691.957184350462,0.007769107818603516,1.0352625846862793
125,6681.856917461949,7703.033376678633,0.007637500762939453,1.0432870388031006
126,6681.856917461949,7644.7889758422125,0.007737636566162109,1.0513379573822021
127,6681.856917461949,7587.7832453098,0.008965015411376953,1.0605692863464355
128,6681.856917461949,7728.447880605416,0.007765769958496094,1.0685787200927734
129,6681.856917461949,7705.880974219903,0.007622718811035156,1.0764398574829102
130,6681.856917461949,7781.552428199054,0.007727861404418945,1.084367275238037
131,6681.856917461949,7718.580581912609,0.007676839828491211,1.0923011302947998
132,6681.856917461949,7701.582107790225,0.007853507995605469,1.1003811359405518
133,6681.856917461949,7726.100894882347,0.007738590240478516,1.1085400581359863
134,6681.856917461949,7728.596243245449,0.007820844650268555,1.1167192459106445
135,6681.856917461949,7681.735938014653,0.007696390151977539,1.1247732639312744
136,6651.721311659855,7714.799202535674,0.009115934371948242,1.1341891288757324
137,6651.721311659855,7656.040255111074,0.00769352912902832,1.1421751976013184
138,6651.721311659855,7651.316022629263,0.0077342987060546875,1.1502325534820557
139,6651.721311659855,7709.266266882435,0.007747650146484375,1.1583211421966553
140,6651.721311659855,7779.945010662479,0.00769805908203125,1.1663331985473633
141,6651.721311659855,7736.031089608896,0.0077555179595947266,1.1743566989898682
142,6651.721311659855,7783.567588873502,0.00759124755859375,1.1822717189788818
143,6604.34944685246,7707.354124846667,0.00917196273803711,1.1916496753692627
144,6604.34944685246,7865.2937780205575,0.007639646530151367,1.199629306793213
145,6604.34944685246,7896.835335798829,0.007739067077636719,1.2075679302215576
146,6604.34944685246,7808.8775070163565,0.007490396499633789,1.2153074741363525
147,6604.34944685246,7734.9691873200145,0.007580280303955078,1.2230792045593262
148,6604.34944685246,7742.264738682413,0.007638216018676758,1.231032133102417
149,6604.34944685246,7740.561405527232,0.0076062679290771484,1.238863229751587
150,6566.693615240139,7679.791402473592,0.007494926452636719,1.2466485500335693
151,6566.693615240139,7646.203181741012,0.009260892868041992,1.2562735080718994
152,6566.693615240139,7550.198597709375,0.007731914520263672,1.264338731765747
153,6566.693615240139,7670.9112993506,0.008226871490478516,1.2727713584899902
154,6566.693615240139,7674.516930426855,0.007891178131103516,1.2811546325683594
155,6566.693615240139,7683.223871644702,0.008060932159423828,1.2896578311920166
156,6566.693615240139,7603.399099253659,0.007829427719116211,1.2981007099151611
157,6566.693615240139,7720.253747140857,0.007743120193481445,1.3061866760253906
158,6566.693615240139,7690.770713143744,0.00848078727722168,1.3150157928466797
159,6566.693615240139,7646.33998181777,0.007672548294067383,1.3230311870574951
160,6566.693615240139,7598.540886821956,0.007711172103881836,1.3310372829437256
161,6566.693615240139,7699.665285578746,0.007646799087524414,1.338897943496704
162,6566.693615240139,7646.374827058147,0.007672309875488281,1.3467803001403809
163,6566.693615240139,7530.677346902991,0.007664680480957031,1.3546979427337646
164,6566.693615240139,7463.985556986325,0.007894277572631836,1.3628695011138916
165,6566.693615240139,7408.446612798419,0.009076356887817383,1.3722758293151855
166,6566.693615240139,7655.947550537007,0.00777888298034668,1.3803660869598389
167,6566.693615240139,7610.399691255016,0.00765538215637207,1.3882746696472168
168,6566.693615240139,7637.261587551369,0.008156299591064453,1.3966927528381348
169,6566.693615240139,7585.159674006889,0.007683753967285156,1.4046170711517334
170,6566.693615240139,7664.336690195462,0.008501052856445312,1.4133191108703613
171,6566.693615240139,7744.307958742895,0.007570028305053711,1.4212696552276611
172,6482.513014415754,7568.5096021798745,0.007566213607788086,1.4291467666625977
173,6482.513014415754,7502.949752610531,0.007559776306152344,1.4369630813598633
174,6482.513014415754,7620.687873376798,0.009187459945678711,1.4464478492736816
175,6479.665169267718,7574.505369642258,0.0076291561126708984,1.4544134140014648
176,6479.665169267718,7537.440013907442,0.007598400115966797,1.4622600078582764
177,6479.665169267718,7645.572702820657,0.007723093032836914,1.4701807498931885
178,6479.665169267718,7548.39661218698,0.007588624954223633,1.4781343936920166
179,6479.665169267718,7593.928429595462,0.008608102798461914,1.486997127532959
180,6417.944871493054,7554.272934205256,0.00754237174987793,1.4948346614837646
181,6417.944871493054,7542.123741546201,0.007697343826293945,1.502791404724121
182,6417.944871493054,7529.576806915499,0.00895833969116211,1.51210355758667
183,6417.944871493054,7507.123883732342,0.007737159729003906,1.5202109813690186
184,6417.944871493054,7501.141517016297,0.007502317428588867,1.5279839038848877
185,6417.944871493054,7328.131557284962,0.007668256759643555,1.5358648300170898
186,6417.944871493054,7397.179429420855,0.0076634883880615234,1.5437815189361572
187,6417.944871493054,7382.615198830857,0.0076558589935302734,1.551806926727295
188,6417.944871493054,7342.648093262883,0.0076825618743896484,1.5598065853118896
189,6417.944871493054,7389.067963419394,0.0076830387115478516,1.5678753852844238
190,6417.944871493054,7474.7631188753085,0.009081363677978516,1.5772061347961426
191,6417.944871493054,7441.472417158908,0.008200645446777344,1.5858371257781982
192,6417.944871493054,7451.84718502329,0.00783395767211914,1.5939409732818604
193,6417.944871493054,7429.682173638967,0.007635354995727539,1.6021263599395752
194,6417.944871493054,7322.264437306464,0.008241415023803711,1.610572338104248
195,6417.944871493054,7445.561737927915,0.00762486457824707,1.61855149269104
196,6417.944871493054,7347.10069629373,0.007776737213134766,1.6265335083007812
197,6417.944871493054,7425.770580241241,0.007689952850341797,1.6347160339355469
198,6417.944871493054,7567.322609654408,0.007707357406616211,1.6427161693572998
199,6417.944871493054,7361.445678883918,0.007601261138916016,1.6506736278533936
200,6417.944871493054,7445.840361331382,0.0078122615814208984,1.6586894989013672
201,6417.944871493054,7498.766089971683,0.008099555969238281,1.6671934127807617
202,6417.944871493054,7475.605070887943,0.00809335708618164,1.675560712814331
203,6417.944871493054,7550.01200926306,0.00804758071899414,1.684293508529663
204,6417.944871493054,7563.1039771461,0.00796055793762207,1.6925108432769775
205,6417.944871493054,7531.051246046901,0.007748603820800781,1.700908899307251
206,6417.944871493054,7533.219840719507,0.007707834243774414,1.7088344097137451
207,6417.944871493054,7637.866101877571,0.00763249397277832,1.716728687286377
208,6417.944871493054,7491.569348579444,0.007666110992431641,1.7246170043945312
209,6417.944871493054,7412.240177042083,0.00764155387878418,1.7325799465179443
210,6417.944871493054,7636.819804775267,0.007649421691894531,1.7404966354370117
211,6417.944871493054,7598.089350217626,0.00769495964050293,1.7485036849975586
212,6417.944871493054,7455.935248461291,0.008958816528320312,1.7576847076416016
213,6417.944871493054,7564.4236215155715,0.007614850997924805,1.765517234802246
214,6417.944871493054,7441.727057946941,0.00763392448425293,1.7733879089355469
215,6417.944871493054,7432.369249518017,0.00825643539428711,1.7818493843078613
216,6417.944871493054,7511.874778457187,0.007688760757446289,1.7897531986236572
217,6417.944871493054,7467.709067804455,0.007775306701660156,1.7978551387786865
218,6417.944871493054,7439.707928321372,0.009029388427734375,1.8072395324707031
219,6417.944871493054,7626.235088285046,0.007909536361694336,1.8154857158660889
220,6417.944871493054,7595.216674488218,0.007779121398925781,1.8235394954681396
221,6417.944871493054,7480.824018563866,0.007836341857910156,1.8319048881530762
222,6417.944871493054,7464.729030777381,0.007825851440429688,1.8401124477386475
223,6417.944871493054,7569.717091398086,0.007862567901611328,1.8483860492706299
224,6417.944871493054,7531.850860410869,0.007779121398925781,1.85654878616333
225,6417.944871493054,7537.234540855914,0.007674455642700195,1.8646047115325928
226,6387.883136205833,7540.409885154476,0.007789134979248047,1.8726203441619873
227,6387.883136205833,7489.500179225861,0.007948875427246094,1.8809146881103516
228,6387.883136205833,7475.518837140461,0.008323192596435547,1.889585018157959
229,6387.883136205833,7470.763005286954,0.007769346237182617,1.897693157196045
230,6387.883136205833,7513.237920460328,0.008206605911254883,1.9062674045562744
231,6387.883136205833,7407.930275433289,0.007714748382568359,1.9143686294555664
232,6387.883136205833,7484.43084748935,0.007875680923461914,1.9225962162017822
233,6387.883136205833,7525.435590165252,0.0076961517333984375,1.930680751800537
234,6387.883136205833,7496.224336550886,0.008923053741455078,1.9398283958435059
235,6387.883136205833,7456.186062661582,0.007625102996826172,1.9477462768554688
236,6387.883136205833,7406.2916167323765,0.007981300354003906,1.9559698104858398
237,6387.883136205833,7437.2136268029,0.008293390274047852,1.9648771286010742
238,6387.883136205833,7530.023760670089,0.007818460464477539,1.9733068943023682
239,6387.883136205833,7535.661338964391,0.00782155990600586,1.9815101623535156
240,6387.883136205833,7490.542276069464,0.007775306701660156,1.9896643161773682
241,6387.883136205833,7484.551044139382,0.007790088653564453,1.99784255027771
242,6387.883136205833,7436.491216343111,0.007776021957397461,2.006021022796631
243,6334.130756168625,7501.00122394009,0.008140087127685547,2.014698028564453
244,6334.130756168625,7604.986546922269,0.00768589973449707,2.0228044986724854
245,6334.130756168625,7584.562235970645,0.007840156555175781,2.0310490131378174
246,6334.130756168625,7632.506759109162,0.008905887603759766,2.0403807163238525
247,6334.130756168625,7528.529572069195,0.007961511611938477,2.048877000808716
248,6334.130756168625,7471.121826701362,0.007771730422973633,2.057025909423828
249,6334.130756168625,7513.812843150051,0.007764339447021484,2.065307140350342
250,6334.130756168625,7456.943894920434,0.007803916931152344,2.073331356048584
251,6334.130756168625,7545.926680545222,0.008366107940673828,2.086867094039917
252,6334.130756168625,7504.459272409943,0.007915973663330078,2.0951290130615234
253,6334.130756168625,7423.29138776732,0.008141517639160156,2.103924512863159
254,6334.130756168625,7347.128135113433,0.007669925689697266,2.1120622158050537
255,6334.130756168625,7536.020736098956,0.007689476013183594,2.1200082302093506
256,6334.130756168625,7549.525222746613,0.0075876712799072266,2.1279642581939697
257,6256.198159412773,7503.75366127511,0.007886648178100586,2.1360795497894287
258,6256.198159412773,7472.644007454877,0.007769346237182617,2.144228935241699
259,6256.198159412773,7515.9742228701625,0.0076580047607421875,2.152254343032837
260,6256.198159412773,7475.096991314576,0.007709026336669922,2.160227060317993
261,6256.198159412773,7533.067671237849,0.00785374641418457,2.1686086654663086
262,6256.198159412773,7430.247340420631,0.007857799530029297,2.1769497394561768
263,6256.198159412773,7476.635005565095,0.007819890975952148,2.185256004333496
264,6256.198159412773,7568.379891151372,0.007881879806518555,2.1936793327331543
265,6256.198159412773,7451.49001853545,0.007673740386962891,2.2017104625701904
266,6256.198159412773,7421.890367256457,0.0077478885650634766,2.2098095417022705
267,6256.198159412773,7514.767867918633,0.007772922515869141,2.218132734298706
268,6256.198159412773,7580.052965528561,0.007594108581542969,2.2260069847106934
269,6256.198159412773,7568.835266711714,0.007623910903930664,2.2339444160461426
270,6256.198159412773,7540.97357612759,0.0075724124908447266,2.2418112754821777
271,6256.198159412773,7467.257367233961,0.00756382942199707,2.2497336864471436
272,6256.198159412773,7409.421380331789,0.007607460021972656,2.2575554847717285
273,6256.198159412773,7374.04100304233,0.007662296295166016,2.265425205230713
274,6256.198159412773,7490.36261052521,0.007559061050415039,2.2733428478240967
275,6256.198159412773,7417.2438287663845,0.007580757141113281,2.28123140335083
276,6256.198159412773,7441.991217757412,0.007609844207763672,2.2890851497650146
277,6256.198159412773,7368.758461012793,0.007829666137695312,2.2971901893615723
278,6256.198159412773,7517.414015870949,0.007670402526855469,2.305222511291504
279,6256.198159412773,7395.48935260923,0.007579326629638672,2.3131017684936523
280,6256.198159412773,7358.946747823402,0.007577657699584961,2.3208911418914795
281,6256.198159412773,7478.505488729191,0.007661342620849609,2.328807830810547
282,6256.198159412773,7409.01738948259,0.007621288299560547,2.3367817401885986
283,6256.198159412773,7439.150084715479,0.007698774337768555,2.3447325229644775
284,6256.198159412773,7373.977110995758,0.0077822208404541016,2.3529372215270996
285,6256.198159412773,7404.773409504685,0.008871793746948242,2.3621480464935303
286,6256.198159412773,7308.022915118345,0.007679462432861328,2.3701589107513428
287,6256.198159412773,7460.935644323227,0.007691144943237305,2.3781652450561523
288,6256.198159412773,7543.008369130959,0.009269237518310547,2.387669086456299
289,6256.198159412773,7455.415441109677,0.007970571517944336,2.3961830139160156
290,6251.053030928041,7424.9004867746025,0.007697582244873047,2.4042465686798096
291,6251.053030928041,7324.164624680167,0.007718563079833984,2.412360906600952
292,6251.053030928041,7286.226394077184,0.007752180099487305,2.420515775680542
293,6251.053030928041,7372.302523719131,0.009107112884521484,2.430079698562622
294,6251.053030928041,7218.878737133467,0.007726192474365234,2.438218116760254
295,6251.053030928041,7336.971429347448,0.007663249969482422,2.446251630783081
296,6251.053030928041,7355.72865362235,0.007717132568359375,2.454267978668213
297,6251.053030928041,7320.963951721674,0.008118867874145508,2.462830066680908
298,6251.053030928041,7302.9027992248675,0.0077631473541259766,2.4710988998413086
299,6251.053030928041,7320.280987423578,0.007757663726806641,2.479160785675049
300,6251.053030928041,7277.386083908562,0.007582902908325195,2.487105131149292
301,6251.053030928041,7268.641235176418,0.008390188217163086,2.495873212814331
302,6251.053030928041,7220.698055226809,0.0077362060546875,2.5041306018829346
303,6251.053030928041,7200.545424644445,0.008057594299316406,2.5124564170837402
304,6251.053030928041,7345.31315531069,0.00805354118347168,2.5211968421936035
305,6251.053030928041,7390.785284420678,0.007869482040405273,2.5296685695648193
306,6251.053030928041,7462.07397108875,0.008232831954956055,2.5382518768310547
307,6251.053030928041,7487.832827304728,0.007616758346557617,2.5462586879730225
308,6251.053030928041,7342.8815465525495,0.007562160491943359,2.5540544986724854
309,6251.053030928041,7345.492938954816,0.00786590576171875,2.5621542930603027
310,6251.053030928041,7436.966411180895,0.007589578628540039,2.570021390914917
311,6251.053030928041,7246.118344440915,0.007567644119262695,2.5778543949127197
312,6220.930630684667,7240.00611373939,0.007622718811035156,2.585806131362915
313,6220.930630684667,7262.234090209033,0.007506132125854492,2.5935285091400146
314,6220.930630684667,7292.510647984274,0.0076007843017578125,2.6014108657836914
315,6220.930630684667,7353.961468876315,0.009106159210205078,2.6107189655303955
316,6220.930630684667,7522.941215879981,0.007844924926757812,2.619205951690674
317,6220.930630684667,7454.99837193118,0.007839679718017578,2.6274800300598145
318,6220.930630684667,7351.1959938681675,0.007824182510375977,2.6357617378234863
319,6220.930630684667,7336.8871512067235,0.007657289505004883,2.64383602142334
320,6220.930630684667,7177.721804704264,0.007612466812133789,2.651824712753296
321,6220.930630684667,7340.821772210101,0.007611274719238281,2.659681797027588
322,6220.930630684667,7394.914440484888,0.007691383361816406,2.6676783561706543
323,6220.930630684667,7295.698653211361,0.008906841278076172,2.676865339279175
324,6220.930630684667,7208.360962166697,0.007611274719238281,2.6848061084747314
325,6220.930630684667,7249.216493990639,0.007627248764038086,2.69276762008667
326,6220.930630684667,7218.531677084056,0.007720232009887695,2.7007365226745605
327,6220.930630684667,7328.747226868978,0.0076062679290771484,2.7087225914001465
328,6220.930630684667,7326.855340704886,0.007592201232910156,2.716632604598999
329,6220.930630684667,7364.1896286281535,0.007615566253662109,2.724541425704956
330,6220.930630684667,7302.164837328795,0.0076465606689453125,2.732595682144165
331,6220.930630684667,7281.380532019539,0.007506608963012695,2.7403275966644287
332,6220.930630684667,7282.219268274372,0.007626771926879883,2.748167037963867
333,6220.930630684667,7307.061185866454,0.007475614547729492,2.755847215652466
334,6175.080519088544,7145.585423647723,0.007692575454711914,2.7637290954589844
335,6175.080519088544,7227.692222533688,0.007637739181518555,2.7717339992523193
336,6175.080519088544,7323.363042661025,0.0076427459716796875,2.7796506881713867
337,6175.080519088544,7264.771647589014,0.007503986358642578,2.7874279022216797
338,6175.080519088544,7301.260851699625,0.008916854858398438,2.7965962886810303
339,6175.080519088544,7260.958521204224,0.0075037479400634766,2.8043806552886963
340,6175.080519088544,7374.495182840295,0.007542848587036133,2.81213641166687
341,6175.080519088544,7436.41676890695,0.007548093795776367,2.8198862075805664
342,6175.080519088544,7420.6803242149945,0.007762908935546875,2.827998399734497
343,5945.915935654221,7389.53270644258,0.0077631473541259766,2.8363306522369385
344,5945.915935654221,7379.475553085504,0.007807731628417969,2.844503402709961
345,5945.915935654221,7181.570143458375,0.007769346237182617,2.852786064147949
346,5945.915935654221,7257.7379549382695,0.007764577865600586,2.860879898071289
347,5945.915935654221,7250.758618455861,0.008400917053222656,2.869715452194214
348,5945.915935654221,7299.084368322092,0.008919954299926758,2.879225254058838
349,5945.915935654221,7206.3044518766665,0.008151054382324219,2.8878695964813232
350,5945.915935654221,7303.65489886958,0.0077207088470458984,2.8959624767303467
351,5945.915935654221,7243.011465902265,0.008147716522216797,2.904512882232666
352,5945.915935654221,7020.710687240886,0.007661342620849609,2.9125378131866455
353,5945.915935654221,7087.414476045604,0.009566545486450195,2.922420024871826
354,5926.543474164971,7067.143689613382,0.008202314376831055,2.931272506713867
355,5926.543474164971,7114.930514253788,0.007968664169311523,2.9397003650665283
356,5926.543474164971,7022.084190329921,0.009567737579345703,2.949693441390991
357,5926.543474164971,7011.801608897054,0.009198427200317383,2.959254264831543
358,5926.543474164971,7059.414351759441,0.0077440738677978516,2.9673194885253906
359,5926.543474164971,7052.815821995743,0.007727146148681641,2.9753048419952393
360,5926.543474164971,6973.593380953926,0.00795602798461914,2.9835598468780518
361,5926.543474164971,6969.926967716016,0.009558677673339844,2.993647336959839
362,5926.543474164971,6993.922516108748,0.008080005645751953,3.0024406909942627
363,5926.543474164971,7017.751799768597,0.008021354675292969,3.0109684467315674
364,5926.543474164971,7048.693895618378,0.0077626705169677734,3.019167184829712
365,5926.543474164971,7102.311923941131,0.00782012939453125,3.027272939682007
366,5926.543474164971,7038.053944529474,0.007725238800048828,3.0354115962982178
367,5926.543474164971,7006.604751462213,0.007822990417480469,3.043489933013916
368,5926.543474164971,6953.069595145678,0.007815361022949219,3.0518014430999756
369,5926.543474164971,6915.946078439972,0.007845163345336914,3.059904098510742
370,5926.543474164971,7079.043311725496,0.0075418949127197266,3.0677602291107178
371,5926.543474164971,7146.00482147037,0.0075795650482177734,3.0755393505096436
372,5926.543474164971,7061.3039724518885,0.007672786712646484,3.083543539047241
373,5926.543474164971,7106.708878651052,0.00767970085144043,3.091623544692993
374,5926.543474164971,7023.2499659572795,0.007668018341064453,3.0996718406677246
375,5926.543474164971,7056.720316824421,0.008997201919555664,3.109064817428589
376,5926.543474164971,6975.700402491465,0.0077817440032958984,3.1174092292785645
377,5926.543474164971,7037.691989100296,0.007542848587036133,3.125222682952881
378,5926.543474164971,7094.332466499833,0.007599353790283203,3.1330649852752686
379,5926.543474164971,6977.9010603996285,0.007974863052368164,3.1413633823394775
380,5926.543474164971,7030.702497829283,0.007749319076538086,3.1494972705841064
381,5926.543474164971,7087.019124902256,0.0076236724853515625,3.157461643218994
382,5926.543474164971,7042.661353460168,0.007606029510498047,3.1653780937194824
383,5926.543474164971,6972.122727877343,0.0076787471771240234,3.173346519470215
384,5926.543474164971,7042.699889282429,0.0076389312744140625,3.1813876628875732
385,5926.543474164971,7133.999894628103,0.007647037506103516,3.1893701553344727
386,5926.543474164971,7086.336108512946,0.007750749588012695,3.197394371032715
387,5926.543474164971,7106.123488683491,0.0075626373291015625,3.205244541168213
388,5926.543474164971,7107.593146098473,0.007688999176025391,3.213252305984497
389,5926.543474164971,7149.759988442021,0.007561445236206055,3.2211036682128906
390,5926.543474164971,7056.621826033099,0.007724761962890625,3.2291102409362793
391,5926.543474164971,6960.4155011401635,0.007476091384887695,3.236905097961426
392,5926.543474164971,6911.2013037381075,0.007637977600097656,3.2447621822357178
393,5926.543474164971,7068.219602479469,0.007485628128051758,3.2524540424346924
394,5926.543474164971,6972.69644292212,0.007718801498413086,3.2603800296783447
395,5926.543474164971,7101.299430520001,0.007597446441650391,3.268366575241089
396,5926.543474164971,6940.042359039503,0.007658720016479492,3.2762997150421143
397,5926.543474164971,6965.48192903967,0.007546901702880859,3.2841415405273438
398,5926.543474164971,7035.820950738186,0.009005546569824219,3.2933924198150635
399,5926.543474164971,6988.959579039697,0.007748842239379883,3.3016936779022217
400,5926.543474164971,7014.953538469401,0.00771331787109375,3.3097386360168457
401,5926.543474164971,7048.226373076299,0.008233308792114258,3.318514347076416
402,5926.543474164971,7023.44898205917,0.007970571517944336,3.3268215656280518
403,5926.543474164971,7022.845272647934,0.007739543914794922,3.334975242614746
404,5926.543474164971,7115.488978433415,0.007721662521362305,3.3429999351501465
405,5926.543474164971,7098.8130035964505,0.007884502410888672,3.3514351844787598
406,5872.791094127762,7168.397616806669,0.007742404937744141,3.3594439029693604
407,5872.791094127762,7115.032224514082,0.00780797004699707,3.3675613403320312
408,5860.453826562433,6989.288305306143,0.007670164108276367,3.37553334236145
409,5860.453826562433,7020.363137378978,0.0083770751953125,3.38415265083313
410,5855.071724021476,7108.656607325643,0.007651090621948242,3.39219331741333
411,5855.071724021476,7040.17189223393,0.007759809494018555,3.400280714035034
412,5855.071724021476,7182.557502797114,0.0076160430908203125,3.4081389904022217
413,5855.071724021476,7363.515188966225,0.00765681266784668,3.416130781173706
414,5855.071724021476,7307.540584172897,0.007631778717041016,3.424004316329956
415,5855.071724021476,7156.901365615428,0.007885456085205078,3.432238817214966
416,5855.071724021476,7089.1144969797115,0.0078125,3.440479278564453
417,5855.071724021476,7173.035302269705,0.00769805908203125,3.4484376907348633
418,5855.071724021476,7219.593424082308,0.007645845413208008,3.456425189971924
419,5855.071724021476,7304.650256743494,0.00788259506225586,3.4647669792175293
420,5855.071724021476,7136.5567541473165,0.007657527923583984,3.4728641510009766
421,5855.071724021476,7077.838958728685,0.007736682891845703,3.4810385704040527
422,5855.071724021476,6966.718135572835,0.00784611701965332,3.489140510559082
423,5855.071724021476,7039.352638626868,0.007745504379272461,3.497197151184082
424,5855.071724021476,6957.4950846093325,0.00787353515625,3.5052738189697266
425,5855.071724021476,7006.218860241257,0.0076770782470703125,3.5132555961608887
426,5855.071724021476,6897.599396954936,0.0076181888580322266,3.5211901664733887
427,5855.071724021476,6844.569519893042,0.00791621208190918,3.5293941497802734
428,5855.071724021476,6995.404135208327,0.009175539016723633,3.53898024559021
429,5855.071724021476,7025.903140729934,0.007567405700683594,3.5469062328338623
430,5855.071724021476,7007.462591996704,0.0076656341552734375,3.554781675338745
431,5855.071724021476,6960.616783670585,0.007561922073364258,3.562675952911377
432,5855.071724021476,6881.408389857953,0.008287668228149414,3.571159601211548
433,5855.071724021476,6835.5875715180055,0.00781869888305664,3.5793519020080566
434,5855.071724021476,6946.853927558354,0.007835865020751953,3.5875682830810547
435,5855.071724021476,6873.214913157089,0.007748126983642578,3.595741033554077
436,5855.071724021476,6938.98007829089,0.009006738662719727,3.6051316261291504
437,5855.071724021476,6931.674117677144,0.007697343826293945,3.6131842136383057
438,5855.071724021476,6879.509930958743,0.007837533950805664,3.621286630630493
439,5855.071724021476,6951.794773983694,0.007711648941040039,3.629366636276245
440,5855.071724021476,6882.1673264802885,0.007961034774780273,3.6375741958618164
441,5855.071724021476,6964.27228208235,0.007586240768432617,3.6455655097961426
442,5855.071724021476,6986.239821850406,0.008078813552856445,3.6539764404296875
443,5855.071724021476,7012.043957768169,0.008031129837036133,3.662449836730957
444,5855.071724021476,6953.802672840825,0.007730960845947266,3.6705281734466553
445,5855.071724021476,7109.574797140573,0.008173942565917969,3.678992748260498
446,5855.071724021476,6991.043664115703,0.007704973220825195,3.686986207962036
447,5855.071724021476,6987.729130811424,0.007753610610961914,3.6950156688690186
448,5855.071724021476,6802.689207283172,0.0077245235443115234,3.703065872192383
449,5855.071724021476,6969.049789332596,0.008698701858520508,3.7120444774627686
450,5855.071724021476,6966.490075868608,0.0078008174896240234,3.720205783843994
451,5855.071724021476,6939.524092814585,0.009966373443603516,3.730715274810791
452,5855.071724021476,6938.324758483254,0.008018732070922852,3.7393648624420166
453,5855.071724021476,6910.183693314897,0.007848024368286133,3.7478878498077393
454,5855.071724021476,6920.444461921621,0.008060455322265625,3.7563788890838623
455,5855.071724021476,6923.68867922185,0.007650613784790039,3.764436721801758
456,5855.071724021476,6951.2523552964085,0.00777888298034668,3.772465705871582
457,5855.071724021476,6899.833091627311,0.007700443267822266,3.7805588245391846
458,5855.071724021476,7064.636595435895,0.007810115814208984,3.7886099815368652
459,5855.071724021476,7044.849473914575,0.00767207145690918,3.796621561050415
460,5855.071724021476,6978.835379607988,0.008011579513549805,3.8048534393310547
461,5855.071724021476,6922.866512754387,0.007783174514770508,3.8129725456237793
462,5855.071724021476,7029.739529653405,0.007739543914794922,3.8209242820739746
463,5855.071724021476,7011.824403589042,0.007757663726806641,3.8289966583251953
464,5855.071724021476,6954.056312490638,0.007711172103881836,3.8370532989501953
465,5855.071724021476,6901.475299607452,0.00777125358581543,3.8450915813446045
466,5855.071724021476,6920.414660499649,0.007798910140991211,3.853165626525879
467,5855.071724021476,6998.4091815425545,0.007710456848144531,3.8612661361694336
468,5845.678775052433,6969.798171318299,0.008467674255371094,3.869943857192993
469,5845.678775052433,6994.736321633406,0.007626771926879883,3.8778574466705322
470,5845.678775052433,6959.602039420708,0.007765769958496094,3.8858211040496826
471,5845.678775052433,6826.768663995684,0.0077211856842041016,3.8939368724823
472,5845.678775052433,6999.0523377481595,0.007654905319213867,3.901897430419922
473,5845.678775052433,6955.912653439986,0.00902557373046875,3.9111480712890625
474,5845.678775052433,6969.829010485406,0.007744312286376953,3.9193012714385986
475,5845.678775052433,6920.442705094528,0.007742166519165039,3.927306890487671
476,5845.678775052433,7015.19403327624,0.007672309875488281,3.935302495956421
477,5845.678775052433,6934.635282114076,0.007653713226318359,3.943197250366211
478,5845.678775052433,6911.194528149691,0.00770878791809082,3.951180934906006
479,5845.678775052433,6953.026500035656,0.007756471633911133,3.9592034816741943
480,5845.678775052433,6928.082000689453,0.007748842239379883,3.9673192501068115
481,5845.678775052433,6987.845711091857,0.009046316146850586,3.976618766784668
482,5845.678775052433,6918.496592849706,0.0077245235443115234,3.9847819805145264
483,5845.678775052433,6890.313516983247,0.00780177116394043,3.9927945137023926
484,5845.678775052433,6904.133976584118,0.007827281951904297,4.000963449478149
485,5845.678775052433,6991.994782175385,0.007828474044799805,4.009174823760986
486,5845.678775052433,6940.308470575785,0.007695674896240234,4.01728367805481
487,5845.678775052433,6897.386108565025,0.007818460464477539,4.025380373001099
488,5845.678775052433,6923.626079254298,0.007668733596801758,4.033447742462158
489,5845.678775052433,6894.359413491498,0.009003877639770508,4.042729616165161
490,5845.678775052433,7008.198650087447,0.0077283382415771484,4.051036834716797
491,5845.678775052433,6908.003797308438,0.007859945297241211,4.059191703796387
492,5845.678775052433,6940.113258643707,0.007741212844848633,4.067179441452026
493,5845.678775052433,7017.838361181625,0.007753610610961914,4.075198411941528
494,5845.678775052433,7039.430479959871,0.007748603820800781,4.083289384841919
495,5845.678775052433,7080.402769725716,0.007815837860107422,4.091435194015503
496,5845.678775052433,7039.738885235772,0.007682085037231445,4.099468231201172
497,5845.678775052433,6966.850272599775,0.008891582489013672,4.1085968017578125
498,5845.678775052433,6958.217618860971,0.007909774780273438,4.1168904304504395
499,5845.678775052433,6982.483204685566,0.007678985595703125,4.124824285507202
500,5845.678775052433,7054.00575706739,0.008646488189697266,4.133723020553589
501,5845.678775052433,7015.105201038373,0.008338212966918945,4.142776966094971
502,5845.678775052433,6895.025140484641,0.008327245712280273,4.151690244674683
503,5845.678775052433,6868.380539543145,0.008111715316772461,4.160475015640259
504,5845.678775052433,6873.962109976997,0.007779359817504883,4.168888807296753
505,5845.678775052433,6987.1408454292905,0.007828474044799805,4.177006483078003
506,5845.678775052433,6957.246519795506,0.007733583450317383,4.185294151306152
507,5845.678775052433,6989.787853218628,0.007767200469970703,4.193280458450317
508,5845.678775052433,6977.1177193600915,0.007630825042724609,4.20126748085022
509,5845.678775052433,6981.67059572453,0.007772922515869141,4.209247589111328
510,5845.678775052433,7038.375763145206,0.007712125778198242,4.217307806015015
511,5777.990336220798,6967.602015931021,0.007729291915893555,4.2252373695373535
512,5777.990336220798,6984.535350521869,0.007647991180419922,4.233199596405029
513,5777.990336220798,6898.165964681896,0.009066104888916016,4.242471933364868
514,5777.990336220798,6821.008780054005,0.007719516754150391,4.250617742538452
515,5777.990336220798,6937.844068508151,0.007704496383666992,4.258523941040039
516,5777.990336220798,6946.145478813774,0.007719278335571289,4.266623020172119
517,5777.990336220798,6868.716018728593,0.007703065872192383,4.274577856063843
518,5777.990336220798,6921.885543306795,0.007734060287475586,4.282662630081177
519,5777.990336220798,6944.685915119113,0.0077762603759765625,4.29064679145813
520,5777.990336220798,6907.90845085271,0.007765293121337891,4.298786401748657
521,5777.990336220798,6941.790538292099,0.007747650146484375,4.306757688522339
522,5777.990336220798,6946.564828700148,0.00772857666015625,4.314776420593262
523,5777.990336220798,6906.922659908692,0.007981061935424805,4.322983026504517
524,5777.990336220798,6958.040408296703,0.007611751556396484,4.330969333648682
525,5777.990336220798,6829.291616860946,0.0077092647552490234,4.338878870010376
526,5777.990336220798,6912.567963535342,0.007593393325805664,4.346790552139282
527,5777.990336220798,6939.210797606536,0.009131908416748047,4.356138706207275
528,5777.990336220798,6957.98788951236,0.007700443267822266,4.364207029342651
529,5777.990336220798,6867.119795540153,0.007586002349853516,4.372020959854126
530,5777.990336220798,6844.414098864862,0.00821542739868164,4.380500793457031
531,5777.990336220798,6902.93246989146,0.0081024169921875,4.388976097106934
532,5777.990336220798,6862.242644504195,0.007784366607666016,4.397169351577759
533,5777.990336220798,6887.121936140753,0.007709026336669922,4.405320405960083
534,5777.990336220798,6849.035849135911,0.008680343627929688,4.4145894050598145
535,5777.990336220798,6992.94180781203,0.007759809494018555,4.422873020172119
536,5777.990336220798,6902.882715193391,0.007762432098388672,4.430962085723877
537,5777.990336220798,6910.029055652403,0.007564067840576172,4.43877649307251
538,5777.990336220798,6853.284966159852,0.007740020751953125,4.446766138076782
539,5777.990336220798,6921.432423358742,0.007677316665649414,4.454709529876709
540,5777.990336220798,6889.0664207461305,0.008043527603149414,4.46305513381958
541,5777.990336220798,6768.610462701403,0.0076024532318115234,4.471037864685059
542,5777.990336220798,6870.71716338414,0.007691144943237305,4.479016304016113
543,5777.990336220798,6864.4859095100755,0.007544279098510742,4.486847400665283
544,5777.990336220798,6891.998047791903,0.0076296329498291016,4.496131658554077
545,5777.990336220798,7023.0151647617695,0.008146286010742188,4.504499197006226
546,5777.990336220798,6907.981020591656,0.009557247161865234,4.5143821239471436
547,5777.990336220798,6888.738286296369,0.008674144744873047,4.523419141769409
548,5777.990336220798,6996.660670907769,0.007601261138916016,4.5313804149627686
549,5777.990336220798,6862.152885531369,0.009151458740234375,4.540737152099609
550,5777.990336220798,6939.686779412668,0.00778508186340332,4.5490570068359375
551,5777.990336220798,6990.602849081253,0.008246421813964844,4.5576372146606445
552,5777.990336220798,7001.635764838551,0.007645845413208008,4.56557035446167
553,5777.990336220798,6973.725129126582,0.007784605026245117,4.57356595993042
554,5777.990336220798,6877.007494301531,0.007685661315917969,4.581883192062378
555,5777.990336220798,6922.594529615753,0.007702350616455078,4.589922666549683
556,5777.990336220798,6860.058665823493,0.00782322883605957,4.598286867141724
557,5777.990336220798,6875.993345856064,0.00758671760559082,4.606111764907837
558,5777.990336220798,6933.661718057677,0.007640361785888672,4.614025831222534
559,5777.990336220798,6892.826790489825,0.008234500885009766,4.62248682975769
560,5777.990336220798,7004.161997821522,0.007613182067871094,4.630381345748901
561,5777.990336220798,6935.727230512068,0.007867097854614258,4.638612270355225
562,5777.990336220798,6930.047693734973,0.007817983627319336,4.646827459335327
563,5777.990336220798,6961.951117799656,0.0076694488525390625,4.654794692993164
564,5777.990336220798,6960.13187301504,0.007746696472167969,4.66284966468811
565,5777.990336220798,6878.120496997621,0.007656574249267578,4.670750379562378
566,5777.990336220798,6920.259072581634,0.007677555084228516,4.678647994995117
567,5777.990336220798,7003.7299394484635,0.007590770721435547,4.686458110809326
568,5777.990336220798,6884.974665355098,0.007758378982543945,4.694418907165527
569,5777.990336220798,6887.3989945882695,0.007744312286376953,4.702558279037476
570,5777.990336220798,6874.842733717102,0.007882833480834961,4.710776090621948
571,5777.990336220798,6786.31762307327,0.007703542709350586,4.718981981277466
572,5777.990336220798,6844.769627465922,0.007727622985839844,4.726947546005249
573,5777.990336220798,6803.117674343971,0.007633209228515625,4.73482871055603
574,5777.990336220798,6871.460985110507,0.007782936096191406,4.742809295654297
575,5777.990336220798,6837.213872362347,0.007727384567260742,4.7508416175842285
576,5777.990336220798,6984.620654393882,0.007869482040405273,4.759086608886719
577,5777.990336220798,6826.329241788996,0.00761103630065918,4.767077922821045
578,5777.990336220798,6946.750036484175,0.007784128189086914,4.775106430053711
579,5777.990336220798,6943.435983061461,0.007655143737792969,4.783182144165039
580,5777.990336220798,7075.05228410596,0.009145975112915039,4.792574405670166
581,5777.990336220798,6991.307664194153,0.00771021842956543,4.800839424133301
582,5777.990336220798,6998.292818128868,0.007844924926757812,4.808955192565918
583,5777.990336220798,6889.546941646212,0.007723569869995117,4.8169543743133545
584,5777.990336220798,6847.651136162037,0.007662057876586914,4.824836730957031
585,5777.990336220798,6778.16540797726,0.007673501968383789,4.832844972610474
586,5777.990336220798,6792.454313561403,0.007801532745361328,4.840888500213623
587,5777.990336220798,6796.129984498942,0.00781559944152832,4.849062442779541
588,5777.990336220798,6829.072129052264,0.009175539016723633,4.858580589294434
589,5777.990336220798,6828.317854188094,0.007748842239379883,4.866624116897583
590,5777.990336220798,6886.06366961898,0.00764012336730957,4.874536514282227
591,5777.990336220798,6964.827633670269,0.007897377014160156,4.882667541503906
592,5777.990336220798,6846.2807607493005,0.007795572280883789,4.89080548286438
593,5777.990336220798,6889.150622788775,0.0080413818359375,4.899344444274902
594,5777.990336220798,6909.947955998171,0.009051322937011719,4.908711910247803
595,5777.990336220798,6966.395174599426,0.00766754150390625,4.91679310798645
596,5777.990336220798,6762.488524763641,0.007685661315917969,4.924708843231201
597,5777.990336220798,6697.810980913766,0.007609367370605469,4.93322229385376
598,5777.990336220798,6800.057155503207,0.007750749588012695,4.941174030303955
599,5777.990336220798,6765.488416271262,0.007845163345336914,4.949333190917969
600,5777.990336220798,6738.144486973147,0.008223295211791992,4.957907438278198
601,5777.990336220798,6930.72305966681,0.007837057113647461,4.9663310050964355
602,5777.990336220798,6854.015344246967,0.00916290283203125,4.975738286972046
603,5777.990336220798,6850.336623604373,0.007790565490722656,4.984100103378296
604,5777.990336220798,6869.253327444106,0.0077817440032958984,4.992105960845947
605,5777.990336220798,6724.597415876911,0.007637977600097656,5.000074148178101
606,5777.990336220798,6752.017232588965,0.011103391647338867,5.011390447616577
607,5777.990336220798,6767.865180871877,0.007670164108276367,5.0195066928863525
608,5777.990336220798,6760.431908185427,0.007800102233886719,5.027568817138672
609,5777.990336220798,6825.101549800613,0.007804393768310547,5.035779714584351
610,5769.5318791008085,6808.805386090685,0.00792551040649414,5.0441203117370605
611,5769.5318791008085,6835.854687066629,0.007892131805419922,5.052608966827393
612,5769.5318791008085,6916.344262927501,0.007946252822875977,5.060984373092651
613,5769.5318791008085,6797.073161697573,0.0077970027923583984,5.069204330444336
614,5769.5318791008085,6879.618205895173,0.007918834686279297,5.07736873626709
615,5769.5318791008085,6820.144974514034,0.008054494857788086,5.0859339237213135
616,5769.5318791008085,6840.665110881515,0.007842779159545898,5.09440279006958
617,5769.5318791008085,6732.238662671779,0.007815122604370117,5.102683782577515
618,5769.5318791008085,6769.877386631507,0.007661581039428711,5.11073637008667
619,5769.5318791008085,6724.075900321653,0.0079193115234375,5.11898136138916
620,5769.5318791008085,6767.29713071075,0.007936239242553711,5.127310752868652
621,5769.5318791008085,6912.2659382801885,0.00787353515625,5.1355040073394775
622,5769.5318791008085,6843.855349116265,0.007779598236083984,5.143772602081299
623,5769.5318791008085,6854.7084218810805,0.007779121398925781,5.152098655700684
624,5769.5318791008085,6833.115633304743,0.007771968841552734,5.160115957260132
625,5676.892123947102,6805.137170530459,0.007634878158569336,5.168050527572632
626,5676.892123947102,6832.173481751666,0.007700681686401367,5.175962209701538
627,5676.892123947102,6895.273414259937,0.007675886154174805,5.183910369873047
628,5650.6117162553155,6916.299567424061,0.007822513580322266,5.1919331550598145
629,5650.6117162553155,6872.047565205529,0.007576704025268555,5.1998889446258545
630,5650.6117162553155,7037.355698087156,0.007699489593505859,5.207841157913208
631,5650.6117162553155,6837.900177179362,0.0075778961181640625,5.215768814086914
632,5650.6117162553155,6849.216652604507,0.009054422378540039,5.225021839141846
633,5650.6117162553155,6783.5140404394315,0.0075724124908447266,5.232891321182251
634,5650.6117162553155,6811.184201795117,0.007765531539916992,5.240900039672852
635,5650.6117162553155,6721.833292262079,0.007714271545410156,5.248882532119751
636,5650.6117162553155,6838.010871310921,0.007797718048095703,5.256976366043091
637,5650.6117162553155,6817.499187853599,0.007624149322509766,5.264982223510742
638,5650.6117162553155,6780.09765295983,0.008463621139526367,5.273703098297119
639,5650.6117162553155,6814.265304490528,0.007628917694091797,5.28173303604126
640,5650.6117162553155,6871.125670292338,0.008985280990600586,5.290927410125732
641,5650.6117162553155,6831.375912439237,0.007689476013183594,5.29888391494751
642,5650.6117162553155,6840.571928677416,0.007662057876586914,5.306802988052368
643,5650.6117162553155,6806.924026336081,0.007701873779296875,5.314888000488281
644,5650.6117162553155,6603.819939324823,0.007678031921386719,5.322842836380005
645,5650.6117162553155,6761.861459541929,0.008817434310913086,5.3320746421813965
646,5650.6117162553155,6747.05078194077,0.007682323455810547,5.340131759643555
647,5650.6117162553155,6697.739438474619,0.00785207748413086,5.348379135131836
648,5650.6117162553155,6695.529162021099,0.007699251174926758,5.356440305709839
649,5650.6117162553155,6808.496622812959,0.007745981216430664,5.3644325733184814
650,5650.6117162553155,6785.147435952829,0.007635593414306641,5.372379779815674
651,5650.6117162553155,6763.540179792379,0.007678985595703125,5.380432367324829
652,5650.6117162553155,6679.077170932109,0.007714033126831055,5.38848352432251
653,5650.6117162553155,6734.583716580159,0.007970333099365234,5.396796226501465
654,5650.6117162553155,6713.4701881184665,0.00792837142944336,5.4052910804748535
655,5650.6117162553155,6788.823534513197,0.0077152252197265625,5.41351580619812
656,5650.6117162553155,6718.791456173433,0.007807254791259766,5.4216578006744385
657,5650.6117162553155,6706.447938725278,0.007651090621948242,5.429715633392334
658,5650.6117162553155,6620.231955981078,0.00764155387878418,5.43760347366333
659,5650.6117162553155,6834.270548322187,0.007761716842651367,5.44556188583374
660,5650.6117162553155,6791.427214247066,0.007649660110473633,5.4535791873931885
661,5650.6117162553155,6673.974069334582,0.007757902145385742,5.46160101890564
662,5650.6117162553155,6567.878079912936,0.007792234420776367,5.469740390777588
663,5650.6117162553155,6731.973932161741,0.008940696716308594,5.479003429412842
664,5650.6117162553155,6649.962118873496,0.007697582244873047,5.486985683441162
665,5650.6117162553155,6642.880209307368,0.007565736770629883,5.494804620742798
666,5650.6117162553155,6615.840916213326,0.007781028747558594,5.502779006958008
667,5650.6117162553155,6702.559488124405,0.007694244384765625,5.510836601257324
668,5650.6117162553155,6746.65968134252,0.007668733596801758,5.5187928676605225
669,5650.6117162553155,6666.264569585244,0.007643699645996094,5.526653289794922
670,5650.6117162553155,6731.693705480595,0.008445501327514648,5.535383462905884
671,5650.6117162553155,6695.776392740308,0.008862972259521484,5.544527292251587
672,5650.6117162553155,6708.114431138383,0.008794307708740234,5.553696393966675
673,5650.6117162553155,6774.265136613431,0.007601737976074219,5.561777114868164
674,5650.6117162553155,6757.236642627898,0.0076291561126708984,5.5696070194244385
675,5650.6117162553155,6664.705855117894,0.007544755935668945,5.577545642852783
676,5650.6117162553155,6665.466062679516,0.007830619812011719,5.585616588592529
677,5650.6117162553155,6569.080620612715,0.007784366607666016,5.5939764976501465
678,5650.6117162553155,6667.778285982625,0.00776982307434082,5.60210657119751
679,5650.6117162553155,6677.0857791247345,0.009020566940307617,5.611534833908081
680,5650.6117162553155,6808.116035610108,0.007598876953125,5.619481325149536
681,5650.6117162553155,6703.487385639218,0.0075876712799072266,5.627336740493774
682,5650.6117162553155,6699.66945042958,0.007575273513793945,5.63524317741394
683,5650.6117162553155,6615.085093126434,0.007842302322387695,5.643349647521973
684,5650.6117162553155,6677.530345670136,0.007637500762939453,5.651552677154541
685,5650.6117162553155,6677.820554385757,0.007856369018554688,5.659636497497559
686,5650.6117162553155,6566.962994253351,0.007646083831787109,5.66781210899353
687,5650.6117162553155,6703.221564813163,0.007662773132324219,5.675738573074341
688,5650.6117162553155,6635.380903628394,0.0076715946197509766,5.683781385421753
689,5650.6117162553155,6681.4524517181535,0.007647991180419922,5.691710948944092
690,5650.6117162553155,6699.584962826169,0.0076105594635009766,5.699644565582275
691,5650.6117162553155,6577.186294152605,0.007626771926879883,5.707506418228149
692,5650.6117162553155,6670.847290447532,0.007502079010009766,5.715352535247803
693,5650.6117162553155,6641.257678292815,0.008964776992797852,5.7245166301727295
694,5650.6117162553155,6625.865050196742,0.007745027542114258,5.732620716094971
695,5650.6117162553155,6643.358292760948,0.007794618606567383,5.740732908248901
696,5650.6117162553155,6732.425813423117,0.007642269134521484,5.748781681060791
697,5650.6117162553155,6767.044788063519,0.007539987564086914,5.756552696228027
698,5650.6117162553155,6743.4628840582745,0.007604122161865234,5.76451849937439
699,5650.6117162553155,6729.19852975003,0.008981943130493164,5.773773670196533
700,5650.6117162553155,6678.982720500666,0.007904529571533203,5.782257795333862
701,5650.6117162553155,6764.808233367721,0.008195638656616211,5.790996551513672
702,5650.6117162553155,6779.916969276031,0.008176803588867188,5.7996156215667725
703,5650.6117162553155,6850.396005601586,0.007976055145263672,5.8081629276275635
704,5650.6117162553155,6788.0440247532515,0.007985115051269531,5.816633701324463
705,5650.6117162553155,6789.217163195322,0.007814168930053711,5.824913263320923
706,5650.6117162553155,6826.404511476478,0.0081939697265625,5.833437204360962
707,5650.6117162553155,6775.763305766821,0.007628679275512695,5.841346502304077
708,5650.6117162553155,6684.341597414832,0.007616519927978516,5.849279880523682
709,5650.6117162553155,6678.524131311304,0.007630825042724609,5.857128381729126
710,5650.6117162553155,6802.386094309967,0.007647514343261719,5.865125894546509
711,5650.6117162553155,6751.659662371504,0.007543802261352539,5.872915506362915
712,5650.6117162553155,6723.874254857707,0.007840871810913086,5.88097620010376
713,5650.6117162553155,6697.138442617096,0.007615089416503906,5.888985633850098
714,5650.6117162553155,6761.477100743571,0.007725238800048828,5.896975040435791
715,5650.6117162553155,6741.929430360761,0.007704734802246094,5.90500807762146
716,5650.6117162553155,6696.5475563629,0.007721662521362305,5.913145303726196
717,5650.6117162553155,6731.762901542197,0.00780177116394043,5.921328783035278
718,5650.6117162553155,6744.249632643224,0.007635831832885742,5.92931604385376
719,5650.6117162553155,6621.485376163311,0.007718563079833984,5.9374048709869385
720,5650.6117162553155,6696.276506348973,0.007704973220825195,5.945472717285156
721,5650.6117162553155,6577.182160859741,0.007584095001220703,5.953458547592163
722,5650.6117162553155,6550.175143288681,0.009158849716186523,5.962965965270996
723,5650.6117162553155,6701.583689520051,0.007804393768310547,5.971300840377808
724,5650.6117162553155,6589.295845199688,0.007692098617553711,5.97943115234375
725,5650.6117162553155,6583.828031811032,0.007702827453613281,5.987371206283569
726,5650.6117162553155,6663.311305335036,0.0075910091400146484,5.995333433151245
727,5650.6117162553155,6628.66529933978,0.007678508758544922,6.003273963928223
728,5650.6117162553155,6632.035920956197,0.0075986385345458984,6.011185646057129
729,5650.6117162553155,6696.7461225008,0.007681369781494141,6.019140720367432
730,5650.6117162553155,6746.828643459703,0.008914470672607422,6.0283379554748535
731,5650.6117162553155,6647.045456136902,0.007688283920288086,6.0362608432769775
732,5650.6117162553155,6665.1645065820085,0.007550477981567383,6.044051170349121
733,5650.6117162553155,6666.360673853562,0.0077626705169677734,6.0520124435424805
734,5650.6117162553155,6693.203615557665,0.007659196853637695,6.060089588165283
735,5650.6117162553155,6724.135946180768,0.007545948028564453,6.067967176437378
736,5650.6117162553155,6668.355083246084,0.008917808532714844,6.077096223831177
737,5650.6117162553155,6717.869973137768,0.007596492767333984,6.084967851638794
738,5650.6117162553155,6730.840651613512,0.007707118988037109,6.0928955078125
739,5650.6117162553155,6711.760431541199,0.007584810256958008,6.1008076667785645
740,5650.6117162553155,6628.72782117631,0.007808208465576172,6.108826160430908
741,5650.6117162553155,6627.18534999075,0.007740497589111328,6.117080450057983
742,5650.6117162553155,6630.4829280946915,0.007822275161743164,6.12520170211792
743,5650.6117162553155,6694.580842759489,0.007714986801147461,6.1332995891571045
744,5650.6117162553155,6684.505986313702,0.009816646575927734,6.1435019969940186
745,5650.6117162553155,6735.221439779748,0.008356094360351562,6.152475118637085
746,5650.6117162553155,6684.025759209558,0.008315324783325195,6.162555932998657
747,5650.6117162553155,6652.486363807152,0.007639884948730469,6.170613765716553
748,5650.6117162553155,6707.263154426914,0.007575035095214844,6.178478002548218
749,5650.6117162553155,6682.1083973309305,0.0077991485595703125,6.186572790145874
750,5650.6117162553155,6666.169003616327,0.0076329708099365234,6.1945414543151855
751,5650.6117162553155,6781.863485010115,0.008348464965820312,6.2032647132873535
752,5650.6117162553155,6749.593575651433,0.00784754753112793,6.211519956588745
753,5650.6117162553155,6726.275329300108,0.00769352912902832,6.219494581222534
754,5650.6117162553155,6737.504386650154,0.007633209228515625,6.227473020553589
755,5650.6117162553155,6657.698689245145,0.007855892181396484,6.235631942749023
756,5650.6117162553155,6690.266428535221,0.008064031600952148,6.24432897567749
757,5650.6117162553155,6670.4015474789885,0.007828235626220703,6.252700328826904
758,5650.6117162553155,6680.255118535146,0.007761955261230469,6.260849475860596
759,5650.6117162553155,6753.101988083923,0.007616996765136719,6.268883943557739
760,5650.6117162553155,6779.066029222851,0.0077893733978271484,6.276975870132446
761,5650.6117162553155,6700.675635280046,0.007550477981567383,6.284773588180542
762,5650.6117162553155,6672.47386177707,0.0076141357421875,6.292653799057007
763,5650.6117162553155,6624.402028084175,0.007612466812133789,6.30048394203186
764,5650.6117162553155,6584.78553609416,0.0076673030853271484,6.308509826660156
765,5650.6117162553155,6687.191614811287,0.00760960578918457,6.3164591789245605
766,5650.6117162553155,6681.971399804892,0.008930444717407227,6.325608968734741
767,5650.6117162553155,6693.418428231201,0.007640361785888672,6.3335466384887695
768,5650.6117162553155,6801.52518911843,0.0076940059661865234,6.341520547866821
769,5650.6117162553155,6842.117789805396,0.007603883743286133,6.349352121353149
770,5650.6117162553155,6743.318389666806,0.007826805114746094,6.357555150985718
771,5650.6117162553155,6697.836040585062,0.007831573486328125,6.365977048873901
772,5650.6117162553155,6783.007940345872,0.009340763092041016,6.375710964202881
773,5650.6117162553155,6711.542279502223,0.007580995559692383,6.383714437484741
774,5650.6117162553155,6625.9137875891265,0.00772404670715332,6.391689777374268
775,5650.6117162553155,6590.735945202141,0.007555723190307617,6.399613380432129
776,5650.6117162553155,6642.844511148443,0.007640361785888672,6.407472848892212
777,5650.6117162553155,6581.657727815331,0.007598876953125,6.415362596511841
778,5650.6117162553155,6623.800111202951,0.007647037506103516,6.4232141971588135
779,5650.6117162553155,6603.319814902983,0.007575273513793945,6.431060075759888
780,5650.6117162553155,6664.711777459032,0.007990837097167969,6.439254999160767
781,5650.6117162553155,6704.5410403129845,0.008179426193237305,6.448171615600586
782,5650.6117162553155,6590.870237626018,0.009097099304199219,6.457776308059692
783,5650.6117162553155,6740.100896876851,0.007738351821899414,6.465931177139282
784,5650.6117162553155,6654.043836559544,0.007636308670043945,6.473865985870361
785,5650.6117162553155,6710.399528598662,0.008152961730957031,6.482304573059082
786,5650.6117162553155,6721.48104324711,0.007781505584716797,6.49095344543457
787,5650.6117162553155,6600.013200828779,0.008151769638061523,6.499638557434082
788,5650.6117162553155,6684.3444106737015,0.008017301559448242,6.508235454559326
789,5650.6117162553155,6718.697133708217,0.008054256439208984,6.516666889190674
790,5650.6117162553155,6697.366162421686,0.007776975631713867,6.524854421615601
791,5650.6117162553155,6633.161924100381,0.007969856262207031,6.5333592891693115
792,5650.6117162553155,6565.3416423856215,0.0076406002044677734,6.541316986083984
793,5650.6117162553155,6651.383958680887,0.007541656494140625,6.549148797988892
794,5650.6117162553155,6578.8831523554645,0.008154630661010742,6.557549953460693
795,5650.6117162553155,6707.828675823981,0.007868528366088867,6.565912961959839
796,5650.6117162553155,6734.273426095065,0.00767064094543457,6.573978900909424
797,5650.6117162553155,6766.65604063599,0.007791996002197266,6.582276821136475
798,5650.6117162553155,6793.326036463313,0.009001016616821289,6.591660976409912
799,5650.6117162553155,6670.381706725403,0.007575273513793945,6.599621772766113
800,5650.6117162553155,6671.845544370088,0.007661342620849609,6.607494115829468
801,5650.6117162553155,6840.1573483431575,0.008043050765991211,6.616096258163452
802,5650.6117162553155,6849.516448851579,0.007977962493896484,6.624335050582886
803,5650.6117162553155,6836.476817013289,0.008012056350708008,6.632997035980225
804,5650.6117162553155,6847.212592450017,0.00871586799621582,6.6421287059783936
805,5650.6117162553155,6674.901128862944,0.0077228546142578125,6.65049409866333
806,5650.6117162553155,6654.244738517824,0.007704973220825195,6.658599853515625
807,5650.6117162553155,6780.2091318000985,0.007734775543212891,6.666767120361328
808,5650.6117162553155,6743.151967520057,0.007609367370605469,6.6746437549591064
809,5650.6117162553155,6634.399011514125,0.007683277130126953,6.682597875595093
810,5650.6117162553155,6607.358596726208,0.0076961517333984375,6.690593481063843
811,5650.6117162553155,6722.041819100324,0.00818324089050293,6.699139356613159
812,5650.6117162553155,6673.28803886525,0.008905410766601562,6.7084221839904785
813,5650.6117162553155,6672.201503865839,0.007765769958496094,6.7166149616241455
814,5650.6117162553155,6705.538884956203,0.007577657699584961,6.72444748878479
815,5650.6117162553155,6709.111863809092,0.007626056671142578,6.732285022735596
816,5650.6117162553155,6707.753419753,0.007494449615478516,6.740014553070068
817,5650.6117162553155,6686.726222445009,0.008754730224609375,6.7489612102508545
818,5650.6117162553155,6692.641468080926,0.0076258182525634766,6.756986618041992
819,5650.6117162553155,6673.91138266621,0.007591724395751953,6.764883756637573
820,5650.6117162553155,6749.778691344926,0.009030342102050781,6.774148225784302
821,5650.6117162553155,6708.27613715898,0.007651567459106445,6.782105922698975
822,5650.6117162553155,6726.810710974042,0.007936477661132812,6.790412902832031
823,5650.6117162553155,6651.8102553714325,0.00758051872253418,6.7984020709991455
824,5650.6117162553155,6781.032613461768,0.008059501647949219,6.8067522048950195
825,5650.6117162553155,6666.52232132093,0.007893800735473633,6.815088510513306
826,5650.6117162553155,6622.040863439866,0.009042501449584961,6.824458599090576
827,5650.6117162553155,6597.108475563541,0.0077245235443115234,6.832574129104614
828,5650.6117162553155,6691.10605326592,0.008310556411743164,6.8411993980407715
829,5650.6117162553155,6640.053246423659,0.00769495964050293,6.8493571281433105
830,5650.6117162553155,6770.14958213323,0.007782697677612305,6.857345819473267
831,5650.6117162553155,6682.755656369262,0.007563591003417969,6.865352153778076
832,5650.6117162553155,6675.403460981457,0.00768733024597168,6.873276472091675
833,5650.6117162553155,6632.512979491792,0.0075168609619140625,6.881166219711304
834,5650.6117162553155,6778.90446076755,0.011082649230957031,6.892459869384766
835,5650.6117162553155,6620.766674584631,0.007917165756225586,6.900929927825928
836,5650.6117162553155,6682.573303271941,0.007648468017578125,6.908851385116577
837,5650.6117162553155,6622.665230435055,0.007844686508178711,6.9169392585754395
838,5650.6117162553155,6661.221001793575,0.0077435970306396484,6.925072193145752
839,5650.6117162553155,6644.4629127266035,0.008303642272949219,6.933763742446899
840,5650.6117162553155,6631.1625021390455,0.008859395980834961,6.9428935050964355
841,5650.6117162553155,6758.276016531816,0.007746696472167969,6.951072931289673
842,5650.6117162553155,6657.524186844169,0.007563114166259766,6.958894491195679
843,5650.6117162553155,6729.890905963331,0.007607936859130859,6.966726541519165
844,5650.6117162553155,6626.157646915173,0.007574796676635742,6.9745495319366455
845,5650.6117162553155,6502.889724931973,0.007687091827392578,6.982445240020752
846,5650.6117162553155,6654.42591436457,0.0077283382415771484,6.990533351898193
847,5650.6117162553155,6586.216267718639,0.007882833480834961,6.998955726623535
848,5650.6117162553155,6648.424530964439,0.009046554565429688,7.008302211761475
849,5650.6117162553155,6597.493158931528,0.00762176513671875,7.016243934631348
850,5650.6117162553155,6702.920537763798,0.007682323455810547,7.024157285690308
851,5650.6117162553155,6697.347662633558,0.007905244827270508,7.032485485076904
852,5650.6117162553155,6686.904063928206,0.00780940055847168,7.040561199188232
853,5650.6117162553155,6685.8132589236075,0.007703065872192383,7.04863429069519
854,5650.6117162553155,6637.957733589989,0.009238719940185547,7.058257579803467
855,5650.6117162553155,6721.558601161814,0.008088827133178711,7.066991806030273
856,5650.6117162553155,6721.65100906029,0.008521795272827148,7.075908660888672
857,5650.6117162553155,6772.370231580981,0.007616281509399414,7.083867311477661
858,5650.6117162553155,6794.139240547786,0.00777888298034668,7.091898441314697
859,5650.6117162553155,6854.291293617352,0.007634162902832031,7.099897623062134
860,5650.6117162553155,6919.213713662725,0.007724761962890625,7.107858180999756
861,5650.6117162553155,6850.559638905831,0.007662296295166016,7.11592960357666
862,5650.6117162553155,6748.9175881343335,0.007591724395751953,7.123794078826904
863,5650.6117162553155,6821.393510474313,0.007735252380371094,7.131857633590698
864,5650.6117162553155,6740.223610903319,0.009044170379638672,7.1412131786346436
865,5650.6117162553155,6847.401477048126,0.007739543914794922,7.149328708648682
866,5650.6117162553155,6706.775212022721,0.007665395736694336,7.15729832649231
867,5650.6117162553155,6775.394158380392,0.007704973220825195,7.165251731872559
868,5650.6117162553155,6736.573690812855,0.007743358612060547,7.1733176708221436
869,5650.6117162553155,6840.895293380592,0.0077021121978759766,7.18137788772583
870,5650.6117162553155,6640.088853379743,0.009048700332641602,7.190756320953369
871,5650.6117162553155,6747.800494549708,0.007924079895019531,7.198986530303955
872,5650.6117162553155,6711.373796918738,0.007837057113647461,7.207238435745239
873,5650.6117162553155,6677.538259847327,0.007718086242675781,7.215208053588867
874,5650.6117162553155,6786.529992647522,0.0076639652252197266,7.223114013671875
875,5650.6117162553155,6837.777531806625,0.007845163345336914,7.231168985366821
876,5650.6117162553155,6881.133339238197,0.007780551910400391,7.239385366439819
877,5650.6117162553155,6779.438081882666,0.0077397823333740234,7.247494459152222
878,5650.6117162553155,6758.946419603091,0.009205341339111328,7.2570366859436035
879,5650.6117162553155,6704.897790755113,0.007654905319213867,7.2649970054626465
880,5650.6117162553155,6716.488743484819,0.007852315902709961,7.273084878921509
881,5650.6117162553155,6776.0673444533095,0.007756948471069336,7.281243562698364
882,5650.6117162553155,6798.245311222759,0.00824117660522461,7.289891481399536
883,5650.6117162553155,6621.0514079555505,0.008060216903686523,7.2985100746154785
884,5650.6117162553155,6717.146229606691,0.009083032608032227,7.307992219924927
885,5650.6117162553155,6610.641329934592,0.008029460906982422,7.316667079925537
886,5650.6117162553155,6717.2118177884,0.007771730422973633,7.3246989250183105
887,5650.6117162553155,6600.608168975272,0.008203983306884766,7.333192825317383
888,5650.6117162553155,6660.185052169221,0.007770538330078125,7.341318607330322
889,5650.6117162553155,6758.192916453914,0.009308576583862305,7.351025819778442
890,5650.6117162553155,6732.474236233431,0.008641242980957031,7.360074758529663
891,5650.6117162553155,6602.473700796536,0.0077440738677978516,7.368241310119629
892,5650.6117162553155,6707.398222071659,0.008884668350219727,7.377426624298096
893,5650.6117162553155,6720.761607549762,0.007714986801147461,7.385423421859741
894,5650.6117162553155,6808.14990763259,0.007589578628540039,7.393300294876099
895,5650.6117162553155,6749.701602868215,0.007721900939941406,7.40124249458313
896,5650.6117162553155,6735.481985650204,0.007630109786987305,7.409329175949097
897,5650.6117162553155,6678.94924123937,0.007769346237182617,7.417412757873535
898,5650.6117162553155,6702.052770780699,0.009325981140136719,7.427025556564331
899,5650.6117162553155,6752.3333393066605,0.0075457096099853516,7.434864521026611
900,5650.6117162553155,6758.47026450651,0.0076367855072021484,7.442723035812378
901,5650.6117162553155,6694.188637533187,0.007917404174804688,7.451055288314819
902,5650.6117162553155,6697.4027775194345,0.007889986038208008,7.459196090698242
903,5650.6117162553155,6664.548195442722,0.0076677799224853516,7.467283487319946
904,5650.6117162553155,6776.7493253914345,0.007812976837158203,7.475437641143799
905,5650.6117162553155,6699.649181374579,0.00775146484375,7.483801364898682
906,5650.6117162553155,6676.8616356876855,0.008353948593139648,7.492407321929932
907,5650.6117162553155,6721.3500449174235,0.007584333419799805,7.500489234924316
908,5650.6117162553155,6784.377222070751,0.007791280746459961,7.508479356765747
909,5650.6117162553155,6825.205662434185,0.00753474235534668,7.516347646713257
910,5650.6117162553155,6782.801340816336,0.008162736892700195,7.524721622467041
911,5650.6117162553155,6756.324852171513,0.0077915191650390625,7.532917261123657
912,5650.6117162553155,6633.994611337548,0.008084297180175781,7.5413994789123535
913,5650.6117162553155,6710.711165997202,0.0076656341552734375,7.549471139907837
914,5650.6117162553155,6646.691118058367,0.009180307388305664,7.559016942977905
915,5650.6117162553155,6664.53271571543,0.007833480834960938,7.567399978637695
916,5650.6117162553155,6704.749178254493,0.007709503173828125,7.575428247451782
917,5650.6117162553155,6605.013588399186,0.007715702056884766,7.58345103263855
918,5650.6117162553155,6685.3454668945315,0.007735490798950195,7.591479539871216
919,5650.6117162553155,6737.763653128544,0.007798910140991211,7.5997889041900635
920,5650.6117162553155,6687.698705986292,0.007745265960693359,7.607841968536377
921,5650.6117162553155,6733.065611998262,0.007668018341064453,7.615834951400757
922,5650.6117162553155,6764.652463242652,0.008940458297729492,7.62506365776062
923,5650.6117162553155,6693.659333495769,0.00801992416381836,7.633519411087036
924,5650.6117162553155,6758.020137274312,0.007649660110473633,7.641477346420288
925,5650.6117162553155,6717.0344299555845,0.007842540740966797,7.649578809738159
926,5650.6117162553155,6744.807280789016,0.007853984832763672,7.657840013504028
927,5650.6117162553155,6721.856336224078,0.007600545883178711,7.665808439254761
928,5650.6117162553155,6863.875282838594,0.009023427963256836,7.675135850906372
929,5650.6117162553155,6747.957893326046,0.008449554443359375,7.684442758560181
930,5650.6117162553155,6827.757466366166,0.008100032806396484,7.692940711975098
931,5650.6117162553155,6733.619092170539,0.007724761962890625,7.7011189460754395
932,5650.6117162553155,6824.383317957709,0.00774693489074707,7.709242343902588
933,5650.6117162553155,6746.825307064679,0.007681369781494141,7.717294692993164
934,5650.6117162553155,6768.27734795834,0.007827043533325195,7.725461006164551
935,5650.6117162553155,6828.833909853464,0.007664918899536133,7.733495235443115
936,5650.6117162553155,6755.785691303711,0.009042739868164062,7.74275016784668
937,5650.6117162553155,6698.314078037876,0.007610321044921875,7.750659465789795
938,5650.6117162553155,6789.780061892022,0.007698774337768555,7.758559703826904
939,5650.6117162553155,6768.210251324335,0.007598400115966797,7.766527891159058
940,5650.6117162553155,6796.789804342287,0.007819890975952148,7.774571895599365
941,5650.6117162553155,6870.614731905538,0.007870674133300781,7.78287410736084
942,5650.6117162553155,6830.093018487316,0.009578466415405273,7.7928550243377686
943,5650.6117162553155,6743.448596409875,0.007651567459106445,7.800858736038208
944,5650.6117162553155,6691.526608549029,0.007658481597900391,7.808776140213013
945,5650.6117162553155,6724.3250753628845,0.007750034332275391,7.816740036010742
946,5650.6117162553155,6678.492411261096,0.007724761962890625,7.824705123901367
947,5650.6117162553155,6711.922117026777,0.007791280746459961,7.832818269729614
948,5650.6117162553155,6681.616338170799,0.009111642837524414,7.8422627449035645
949,5650.6117162553155,6543.65461405211,0.00794839859008789,7.85076379776001
950,5650.6117162553155,6686.112423861567,0.007784366607666016,7.858908176422119
951,5650.6117162553155,6671.672431746814,0.008250236511230469,7.867573976516724
952,5650.6117162553155,6721.1596908042475,0.007717609405517578,7.87563157081604
953,5650.6117162553155,6714.930270969033,0.007904767990112305,7.883755683898926
954,5650.6117162553155,6718.840964926068,0.008026123046875,7.8924524784088135
955,5650.6117162553155,6811.020929229338,0.008290290832519531,7.901352405548096
956,5650.6117162553155,6780.376999520463,0.007854461669921875,7.9095778465271
957,5650.6117162553155,6755.481496807871,0.00775909423828125,7.917911052703857
958,5650.6117162553155,6778.277749858106,0.007666587829589844,7.925843715667725
959,5650.6117162553155,6763.456926313726,0.007573366165161133,7.933651447296143
960,5650.6117162553155,6820.004545862496,0.007975578308105469,7.941817998886108
961,5650.6117162553155,6792.421003787964,0.010894298553466797,7.953040361404419
962,5650.6117162553155,6764.099890943192,0.007642507553100586,7.961071252822876
963,5650.6117162553155,6777.989647924887,0.007498979568481445,7.96882700920105
964,5650.6117162553155,6694.896880598442,0.009045839309692383,7.978120565414429
965,5650.6117162553155,6692.248545290719,0.007959604263305664,7.986480712890625
966,5650.6117162553155,6703.808612399373,0.008138656616210938,7.995051145553589
967,5650.6117162553155,6664.8415774283085,0.007627725601196289,8.00307035446167
968,5650.6117162553155,6658.670611200285,0.007619619369506836,8.01101565361023
969,5650.6117162553155,6667.948895064256,0.007829666137695312,8.019215106964111
970,5650.6117162553155,6703.465479389206,0.009014129638671875,8.028626441955566
971,5650.6117162553155,6706.377525415188,0.007760524749755859,8.036798238754272
972,5650.6117162553155,6751.920922365148,0.007634878158569336,8.044766664505005
973,5650.6117162553155,6775.577877729676,0.00762176513671875,8.05260157585144
974,5650.6117162553155,6712.6786337325375,0.007684230804443359,8.06065845489502
975,5650.6117162553155,6668.399835188654,0.007698535919189453,8.068731546401978
976,5650.6117162553155,6662.6660705728955,0.008916139602661133,8.077997207641602
977,5650.6117162553155,6674.263991237443,0.007642269134521484,8.086127519607544
978,5650.6117162553155,6911.253455858803,0.007619619369506836,8.093971014022827
979,5650.6117162553155,6783.646540097157,0.007570505142211914,8.101782321929932
980,5650.6117162553155,6766.41180468073,0.00754094123840332,8.109532833099365
981,5650.6117162553155,6751.914395285915,0.007704973220825195,8.117594480514526
982,5650.6117162553155,6728.701456362909,0.007696390151977539,8.125673532485962
983,5650.6117162553155,6769.630238373714,0.0077207088470458984,8.13378357887268
984,5650.6117162553155,6745.318732380864,0.008150339126586914,8.14231276512146
985,5650.6117162553155,6729.198635138279,0.00789022445678711,8.150660276412964
986,5650.6117162553155,6838.672376282007,0.007872819900512695,8.158988237380981
987,5650.6117162553155,6768.062093671402,0.007597923278808594,8.166946411132812
988,5650.6117162553155,6722.536896944145,0.00880575180053711,8.175970077514648
989,5650.6117162553155,6765.999953247531,0.0075609683990478516,8.183924436569214
990,5650.6117162553155,6789.54523308741,0.007639408111572266,8.191882610321045
991,5650.6117162553155,6787.605449009928,0.007507801055908203,8.199687242507935
992,5650.6117162553155,6821.0382291414335,0.009035348892211914,8.208946228027344
993,5650.6117162553155,6764.298989704963,0.007593393325805664,8.216893672943115
994,5650.6117162553155,6733.3914977485865,0.00769352912902832,8.224869728088379
995,5650.6117162553155,6742.808270729311,0.007627010345458984,8.232865333557129
996,5650.6117162553155,6684.691446628901,0.0076427459716796875,8.240734815597534
997,5650.6117162553155,6631.421444168132,0.007604837417602539,8.248708248138428
998,5650.6117162553155,6649.995835347526,0.008880376815795898,8.257924556732178
999,5650.6117162553155,6668.112073690031,0.007905721664428711,8.266235828399658
