Iteration,Best Distance,Average Distance
0,21312.02631330722,26289.753647344853
1,21312.02631330722,26202.624037184687
2,21312.02631330722,26352.504926073467
3,21312.02631330722,26348.583928230484
4,21312.02631330722,26140.348362702527
5,21312.02631330722,26316.817313780975
6,21312.02631330722,25935.63893055695
7,21312.02631330722,26130.48119206918
8,21312.02631330722,26002.967842435213
9,21312.02631330722,25731.732369752663
10,21312.02631330722,25818.305983724185
11,21040.944087776083,25831.396851254005
12,21040.944087776083,25747.261400951582
13,21040.944087776083,25716.07941232451
14,21040.944087776083,25639.451480098007
15,21040.944087776083,25410.479052742237
16,20918.017824148516,25288.9548912857
17,20918.017824148516,25457.459496465974
18,20918.017824148516,25509.55445591266
19,20918.017824148516,25331.571361036167
20,20918.017824148516,25205.79440761111
21,20918.017824148516,25084.711179370996
22,20918.017824148516,25043.790577788892
23,20918.017824148516,25408.892065459862
24,20918.017824148516,25040.925387188774
25,20918.017824148516,24944.049046401935
26,20859.001941096903,24971.29805003392
27,20859.001941096903,25112.18527074972
28,20859.001941096903,24974.77935238858
29,20859.001941096903,24953.02100549285
30,20562.415925274938,24656.929562048383
31,20562.415925274938,24848.452962573254
32,20562.415925274938,24728.54554300351
33,20562.415925274938,24631.588257042273
34,20562.415925274938,24676.90272307359
35,20562.415925274938,24667.80536482723
36,20562.415925274938,24533.79633969179
37,20562.415925274938,24652.771033074532
38,20562.415925274938,24887.434870226614
39,20562.415925274938,24560.670456383028
40,20562.415925274938,24740.76820407838
41,20562.415925274938,24779.771196800695
42,20562.415925274938,24600.610872209407
43,20519.91982731284,24705.547229783788
44,20519.91982731284,24790.73708456893
45,20519.91982731284,24737.360661582035
46,20519.91982731284,24943.928558009604
47,20519.91982731284,24735.485472714867
48,20519.91982731284,24591.67443085569
49,20519.91982731284,24903.750034788685
50,20519.91982731284,24417.071376278585
51,20519.91982731284,24601.111216712703
52,20519.91982731284,24576.49729163346
53,20519.91982731284,24567.934520591705
54,20519.91982731284,24621.522451012177
55,20519.91982731284,24639.624791979957
56,20519.91982731284,24484.065064459286
57,20519.91982731284,24486.33257195797
58,20519.91982731284,24476.876837451207
59,20519.91982731284,24442.538230144382
60,20387.69332281065,24489.957654047354
61,19641.823334089167,24444.386635387706
62,19603.864642106208,24503.176508072163
63,19603.864642106208,24465.55141345706
64,19371.675059086345,24220.931688378954
65,19371.675059086345,24193.01860141124
66,19371.675059086345,24237.88034588959
67,19371.675059086345,24035.945268154534
68,19371.675059086345,24097.107774026095
69,19371.675059086345,24014.31779816216
70,19371.675059086345,24152.209627618497
71,19371.675059086345,24144.11569134943
72,19371.675059086345,24190.296025688283
73,19371.675059086345,24512.324909262417
74,19371.675059086345,24384.197498805002
75,19371.675059086345,24379.281337572866
76,19371.675059086345,24416.357105078783
77,19353.621444539916,24297.162994098202
78,19353.621444539916,24108.492861521398
79,19166.892990300817,24293.079225943566
80,19166.892990300817,24029.04404869736
81,19166.892990300817,24070.255695169923
82,19166.892990300817,24030.20553352025
83,19053.141936127908,23876.599356403567
84,19053.141936127908,24190.105822458845
85,19053.141936127908,24275.99102104847
86,18421.821739676536,24069.906355738345
87,18421.821739676536,24175.58769610257
88,18421.821739676536,24168.57048650072
89,18421.821739676536,24163.510178929915
90,18421.821739676536,24232.136191700167
91,18421.821739676536,24174.65372315639
92,18421.821739676536,24567.279113048487
93,18421.821739676536,24629.978209788453
94,18421.821739676536,24675.256801208423
95,18421.821739676536,24495.26362344304
96,18421.821739676536,24941.139283302913
97,18421.821739676536,24788.56645521698
98,18421.821739676536,24829.088582399065
99,18421.821739676536,24724.541447300246
100,18421.821739676536,24741.782392529087
101,18034.279651434026,24478.63243340354
102,18034.279651434026,24654.874713985468
103,18034.279651434026,24375.75545750905
104,18034.279651434026,24873.501556898373
105,18034.279651434026,24338.319992834156
106,18034.279651434026,24759.48887191567
107,18034.279651434026,24669.29802831522
108,18034.279651434026,24687.88151496638
109,18034.279651434026,24731.565360623885
110,18034.279651434026,24400.529616538515
111,18034.279651434026,24656.76238773493
112,18034.279651434026,24176.613302362894
113,18034.279651434026,24450.771851311776
114,18034.279651434026,24201.023477366816
115,18034.279651434026,24351.581156617827
116,18034.279651434026,24071.519062898977
117,18034.279651434026,24314.375437383376
118,18034.279651434026,24093.206948055762
119,18034.279651434026,24068.18867413495
120,18034.279651434026,24029.018571415927
121,18034.279651434026,24163.571385511234
122,18034.279651434026,24033.6491929519
123,18034.279651434026,24223.384321026835
124,18034.279651434026,23889.75418943284
125,18034.279651434026,23793.353781020232
126,18034.279651434026,23760.42697226399
127,18034.279651434026,23663.76479299931
128,18034.279651434026,23854.333210061373
129,18034.279651434026,23708.14098847989
130,18034.279651434026,23674.83404832589
131,18034.279651434026,23796.188243208388
132,18034.279651434026,23765.349511097054
133,18034.279651434026,23769.081026183012
134,17941.964037910544,23428.426576850805
135,17555.449992333615,23814.264577361515
136,17555.449992333615,23710.40759218405
137,17555.449992333615,23720.972062306482
138,17555.449992333615,23766.3964009623
139,17555.449992333615,23737.64764067084
140,17555.449992333615,23548.54512757455
141,17141.247447141744,23697.398247841
142,17141.247447141744,23436.919515265552
143,17141.247447141744,23719.970983875723
144,17141.247447141744,23501.151404351207
145,17141.247447141744,23387.479139755593
146,17141.247447141744,23329.336649317753
147,17141.247447141744,23387.7466635809
148,17141.247447141744,23223.49056515795
149,17141.247447141744,23454.319348975958
150,17141.247447141744,23685.397416917524
151,17141.247447141744,23390.280920905738
152,17141.247447141744,23602.26983939888
153,17141.247447141744,23718.463835454015
154,17141.247447141744,23525.4643619591
155,17141.247447141744,23405.998161091284
156,17141.247447141744,23699.97217951157
157,17141.247447141744,23494.171649597873
158,17141.247447141744,23392.27076202531
159,17141.247447141744,23327.73497213097
160,17141.247447141744,23401.426770444177
161,17141.247447141744,23217.160374811214
162,17141.247447141744,23149.808064870438
163,17141.247447141744,23035.14148048483
164,17141.247447141744,23009.86589344132
165,17141.247447141744,22863.671397325103
166,17141.247447141744,22756.63956796256
167,17141.247447141744,22749.68847869978
168,17141.247447141744,22639.721898914384
169,17141.247447141744,22738.000954894265
170,17141.247447141744,22583.78152412868
171,17141.247447141744,22484.257508996863
172,17141.247447141744,22382.8260698322
173,17141.247447141744,22336.64991393037
174,17141.247447141744,22507.68964330802
175,17141.247447141744,22473.092279592332
176,17141.247447141744,22454.010777795997
177,17141.247447141744,22175.93168367057
178,16239.338383579365,21958.826849545014
179,16239.338383579365,22113.3666061808
180,16072.758742969558,22136.39350007682
181,16072.758742969558,21879.471817395613
182,16072.758742969558,21901.546237110815
183,16072.758742969558,21719.375228445373
184,16072.758742969558,21644.591941299317
185,16072.758742969558,21944.715015436934
186,16072.758742969558,21587.8970160938
187,16072.758742969558,21626.675312964482
188,16072.758742969558,21643.645357632467
189,16072.758742969558,21210.61252404356
190,16072.758742969558,21393.555174114375
191,16072.758742969558,21437.11849618593
192,16072.758742969558,21483.474719853435
193,16020.227017190571,21385.5065314059
194,16020.227017190571,21338.053770347786
195,16020.227017190571,21414.490428262892
196,16020.227017190571,21310.720276287455
197,16020.227017190571,21411.590719221167
198,16020.227017190571,21073.892379115798
199,16020.227017190571,21090.544627143125
200,16020.227017190571,21069.305692293037
201,15914.01429877074,21017.29519802186
202,14895.419691641086,20866.238431305548
203,14895.419691641086,20804.20737803212
204,14895.419691641086,21065.85404935175
205,14895.419691641086,20847.724965185203
206,14895.419691641086,20808.18481835996
207,14895.419691641086,20536.26929533593
208,14895.419691641086,20709.508359882235
209,14895.419691641086,20564.514061734844
210,14831.86335168585,20396.84326655417
211,14831.86335168585,20387.860791925617
212,14831.86335168585,20195.291834941036
213,14831.86335168585,20093.621633514478
214,14831.86335168585,20167.28936882824
215,14831.86335168585,20077.83326109648
216,14831.86335168585,20186.648662849653
217,14831.86335168585,19968.69719124063
218,14831.86335168585,20015.464899767525
219,14831.86335168585,19731.988943213324
220,14831.86335168585,19875.929561044857
221,14831.86335168585,19791.010366806528
222,14831.86335168585,19941.78020938672
223,14831.86335168585,19804.8397926927
224,14831.86335168585,19620.421876767025
225,14831.86335168585,19644.070843522677
226,14831.86335168585,19542.500322110467
227,14605.498454624529,19453.480451683594
228,14414.05230584392,19073.01956417015
229,14414.05230584392,19092.261102221328
230,14414.05230584392,18943.371004919947
231,14414.05230584392,19120.225775875464
232,14414.05230584392,18849.561635267513
233,14414.05230584392,18970.751470416497
234,14414.05230584392,18842.309237192443
235,14414.05230584392,18761.8767009292
236,14296.494784308967,18654.474677503542
237,14296.494784308967,18415.400903225483
238,14296.494784308967,18312.60676476625
239,14296.494784308967,18449.989998816538
240,14296.494784308967,18473.47992546777
241,14296.494784308967,18288.946063710908
242,14296.494784308967,18357.988625402642
243,14296.494784308967,18087.654971702104
244,14296.494784308967,18196.589832069767
245,14296.494784308967,18168.09983866982
246,14296.494784308967,18161.457969018044
247,14296.494784308967,18073.79480596892
248,14296.494784308967,18041.514080558434
249,14296.494784308967,17978.97813325199
250,14296.494784308967,18015.628124770425
251,14296.494784308967,17938.048142384403
252,14296.494784308967,18038.12823900809
253,14296.494784308967,18200.92383934886
254,14296.494784308967,18137.297065365692
255,14291.225656961042,18158.602092191162
256,14070.687320342033,18319.18873190146
257,14070.687320342033,18213.83092944782
258,14070.687320342033,18249.557864022445
259,14070.687320342033,18177.312948031682
260,14070.687320342033,18082.43562866996
261,14070.687320342033,18000.534124397018
262,13940.478337156655,17804.283547384348
263,13744.679203195734,17756.299191642785
264,13744.679203195734,17737.931180040185
265,13690.915311723755,17651.523651097155
266,13690.915311723755,17660.5157219476
267,13690.915311723755,17659.063925021255
268,13690.915311723755,17315.172329037003
269,13690.915311723755,17602.67916869627
270,13690.915311723755,17506.73088360914
271,13690.915311723755,17497.809319389533
272,13690.915311723755,17423.323854818627
273,13474.343830965421,17360.93235727303
274,13451.442254269563,17302.726933116883
275,13409.273014761116,17467.477461206487
276,13403.361309285976,17217.944137669037
277,13403.361309285976,17184.151382333093
278,13402.173123763936,17275.95015347211
279,13129.240305875786,17247.272972283572
280,13049.984144266984,17201.670880639915
281,13049.984144266984,17060.436412116345
282,13049.984144266984,17003.8080546519
283,13042.67422061593,16863.689001598173
284,13042.67422061593,16963.2256733904
285,13042.215460168525,16749.817416796923
286,12910.245013790756,16718.872716878814
287,12909.681523253983,16834.063899545952
288,12833.017279901396,16885.433446479405
289,12833.017279901396,16764.404163522104
290,12833.017279901396,16649.410663395407
291,12833.017279901396,16698.68624525599
292,12833.017279901396,16476.990668477527
293,12833.017279901396,16557.32030871884
294,12833.017279901396,16474.224832122498
295,12833.017279901396,16401.9108835805
296,12833.017279901396,16464.733906247697
297,12833.017279901396,16389.1662117902
298,12833.017279901396,16512.047429101836
299,12833.017279901396,16439.20155531212
300,12833.017279901396,16491.26944607822
301,12833.017279901396,16434.652100964424
302,12833.017279901396,16375.241834245111
303,12833.017279901396,16466.3771411652
304,12833.017279901396,16477.008617368163
305,12833.017279901396,16350.838321159954
306,12833.017279901396,16358.761057131003
307,12833.017279901396,16241.571817531045
308,12833.017279901396,16318.57376532948
309,12833.017279901396,16065.867432751316
310,12833.017279901396,16133.512489859362
311,12833.017279901396,16079.726934628
312,12833.017279901396,16023.319675579458
313,12833.017279901396,16072.715096092727
314,12833.017279901396,15912.47448569219
315,12833.017279901396,15942.900595196588
316,12833.017279901396,15845.575127474573
317,12833.017279901396,15965.837717345486
318,12833.017279901396,15836.929455889049
319,12833.017279901396,15767.903860557533
320,12833.017279901396,15909.186366594933
321,12833.017279901396,15733.149983275849
322,12833.017279901396,15758.848953883753
323,12833.017279901396,15647.82714233538
324,12833.017279901396,15719.58260522772
325,12833.017279901396,15593.884850001155
326,12833.017279901396,15572.450533656334
327,12637.80175067757,15631.351038616434
328,12637.80175067757,15318.628967265813
329,12637.80175067757,15394.989614370552
330,12637.80175067757,15235.904463654453
331,12637.80175067757,15359.511554720322
332,12637.80175067757,15351.11904038501
333,12637.80175067757,15277.402531935842
334,12637.80175067757,15396.33303250125
335,12311.691733163165,15135.716268722548
336,12033.124208902927,15044.382056616172
337,11976.789623760456,14917.737623735471
338,11919.198356091543,14973.15010386929
339,11827.958506432755,15014.857686049065
340,11827.958506432755,14761.204542734236
341,11827.958506432755,14748.041917726672
342,11827.958506432755,14722.297415094128
343,11827.958506432755,14712.985877460042
344,11827.958506432755,14745.128944071143
345,11827.958506432755,14658.704679901337
346,11827.958506432755,14627.941215089728
347,11827.958506432755,14533.4320317046
348,11827.958506432755,14561.280394734245
349,11827.958506432755,14488.469035738653
350,11827.958506432755,14512.375474474084
351,11827.958506432755,14394.298805722592
352,11827.958506432755,14385.013214827994
353,11827.958506432755,14226.521147529375
354,11827.958506432755,14302.518595956439
355,11827.958506432755,14254.145585380582
356,11827.958506432755,14424.816457781648
357,11827.958506432755,14235.31302970087
358,11786.665882589841,14229.47208046268
359,11739.532810466451,14074.112073682627
360,11713.852037204722,14221.714630829694
361,11713.852037204722,13983.465876287983
362,11713.852037204722,14087.238786575988
363,11713.852037204722,13996.287163957371
364,11713.852037204722,14116.065341420508
365,11713.852037204722,14049.579930631156
366,11713.852037204722,13965.087601997073
367,11710.61087705251,13816.582273572132
368,11710.61087705251,13792.167811114748
369,11710.61087705251,13858.414888634603
370,11710.61087705251,13708.573516154176
371,11710.61087705251,13774.538514550954
372,11710.61087705251,13816.83509326702
373,11710.61087705251,13863.030258655857
374,11710.61087705251,13709.253305293118
375,11710.61087705251,13742.712759293741
376,11710.61087705251,13751.849441030101
377,11710.61087705251,13709.737261404744
378,11710.61087705251,13750.516705330858
379,11710.61087705251,13617.785900411642
380,11710.61087705251,13573.10800591394
381,11710.61087705251,13655.3049034604
382,11710.61087705251,13764.973524314513
383,11710.61087705251,13714.373352919794
384,11710.61087705251,13734.763517043357
385,11710.61087705251,13545.11672855515
386,11710.61087705251,13533.040368746295
387,11710.61087705251,13582.888640936271
388,11710.61087705251,13702.735907418473
389,11710.61087705251,13618.94214229752
390,11710.61087705251,13627.798340077516
391,11710.61087705251,13542.789276172056
392,11710.61087705251,13561.089329449793
393,11710.61087705251,13579.467795105138
394,11710.61087705251,13460.23277815134
395,11710.61087705251,13545.165818269576
396,11710.61087705251,13359.518036264451
397,11710.61087705251,13518.704256549161
398,11710.61087705251,13418.919413496416
399,11710.61087705251,13547.002387492177
400,11710.61087705251,13488.699509031718
401,11710.61087705251,13439.790039669753
402,11710.61087705251,13400.407285590369
403,11710.61087705251,13413.793094889668
404,11710.61087705251,13417.697922443247
405,11710.61087705251,13483.058214273677
406,11710.61087705251,13290.914737034589
407,11710.61087705251,13229.650768232135
408,11710.61087705251,13198.459948221864
409,11710.61087705251,13215.486714728819
410,11710.61087705251,13194.001545851543
411,11710.61087705251,13145.340960599258
412,11710.61087705251,13135.075072066658
413,11710.61087705251,13184.952473254798
414,11710.61087705251,13208.74914045015
415,11710.61087705251,13269.54852187264
416,11710.61087705251,13251.754944293742
417,11710.61087705251,13260.576540190768
418,11710.61087705251,13288.418242514828
419,11710.61087705251,13270.468975633115
420,11710.61087705251,13259.461902714367
421,11710.61087705251,13242.554442614268
422,11710.61087705251,13258.561620523116
423,11710.61087705251,13196.953711339962
424,11710.61087705251,13192.299860009169
425,11710.61087705251,13147.323592301758
426,11710.61087705251,13092.85621836825
427,11710.61087705251,13025.85615006011
428,11710.61087705251,13028.058090554676
429,11710.61087705251,13046.793221337477
430,11710.61087705251,12929.686411823814
431,11710.61087705251,12850.165477883083
432,11710.61087705251,12906.606640974114
433,11710.61087705251,12817.821573939065
434,11710.61087705251,12852.133092599697
435,11710.61087705251,12881.760255561965
436,11710.61087705251,12817.937653318946
437,11710.61087705251,12835.596001727308
438,11710.61087705251,12788.784774492595
439,11710.61087705251,12799.595522313672
440,11710.61087705251,12700.639846917327
441,11710.61087705251,12649.514560514126
442,11710.61087705251,12629.059115275559
443,11710.61087705251,12580.519550432624
444,11710.61087705251,12612.361805325267
445,11710.61087705251,12515.286125119199
446,11710.61087705251,12596.943218061038
447,11710.61087705251,12550.832250628835
448,11710.61087705251,12531.197148675705
449,11710.61087705251,12515.552180396773
450,11710.61087705251,12525.181428652
451,11710.61087705251,12508.937722147624
452,11710.61087705251,12541.868331332535
453,11710.61087705251,12537.483449857828
454,11710.61087705251,12566.350509507796
455,11710.61087705251,12544.242968747983
456,11710.61087705251,12557.52643868713
457,11710.61087705251,12460.129393172405
458,11710.61087705251,12472.709547025299
459,11710.61087705251,12489.919736061465
460,11710.61087705251,12431.713777179755
461,11710.61087705251,12488.92390919573
462,11710.61087705251,12449.337683190075
463,11710.61087705251,12466.4103222595
464,11710.61087705251,12475.234385473284
465,11710.61087705251,12437.692228183185
466,11710.61087705251,12412.775155945836
467,11710.61087705251,12461.54376841754
468,11710.61087705251,12465.297323053694
469,11710.61087705251,12329.290146149133
470,11710.61087705251,12332.209134058801
471,11710.61087705251,12363.909361442056
472,11710.61087705251,12304.988885226054
473,11710.61087705251,12310.665385691262
474,11710.61087705251,12266.008115023304
475,11710.61087705251,12283.27058551028
476,11710.61087705251,12257.510748078685
477,11710.61087705251,12249.99342306012
478,11710.61087705251,12186.827528004846
479,11710.61087705251,12230.770486721476
480,11710.61087705251,12178.433969603788
481,11710.61087705251,12213.187755871715
482,11710.61087705251,12193.140442712882
483,11710.61087705251,12147.470067409626
484,11710.61087705251,12102.94192197946
485,11710.61087705251,12125.828915703143
486,11710.61087705251,12129.024047555175
487,11710.61087705251,12152.230006318443
488,11710.61087705251,12122.635129419612
489,11710.61087705251,12162.87160307847
490,11710.61087705251,12134.74803104957
491,11710.61087705251,12115.337226905498
492,11710.61087705251,12107.80912006406
493,11710.61087705251,12147.553552922815
494,11710.61087705251,12159.229025349883
495,11710.61087705251,12094.292071715146
496,11710.61087705251,12138.725123547301
497,11710.61087705251,12093.577776251786
498,11710.61087705251,12104.346651711421
499,11710.61087705251,12100.836609495711
500,11710.61087705251,12123.566311938834
501,11710.61087705251,12148.221133025858
502,11710.61087705251,12105.302652398472
503,11710.61087705251,12136.1799253604
504,11710.61087705251,12086.626020124288
505,11710.61087705251,11972.152972694426
506,11710.61087705251,11956.796995053268
507,11710.61087705251,11976.832623564418
508,11710.61087705251,11945.624649565474
509,11710.61087705251,11959.813539427103
510,11710.61087705251,11922.872773554252
511,11710.61087705251,11920.059650926538
512,11710.61087705251,11956.355408910362
513,11710.61087705251,11951.33370347719
514,11710.61087705251,11933.44872878301
515,11710.61087705251,11852.785479579823
516,11710.61087705251,11924.489989544958
517,11710.61087705251,11893.350654002661
518,11710.61087705251,11850.16707667588
519,11710.61087705251,11887.12473326025
520,11710.61087705251,11858.992238976343
521,11710.61087705251,11875.618307419458
522,11710.61087705251,11824.607550836306
523,11710.61087705251,11867.421508299767
524,11710.61087705251,11859.431696680145
525,11710.61087705251,11837.330380345933
526,11710.61087705251,11815.894525024747
527,11710.61087705251,11840.124678077662
528,11710.61087705251,11857.325747730729
529,11710.61087705251,11824.74986564847
530,11710.61087705251,11828.00809897053
531,11710.61087705251,11839.966816454285
532,11710.61087705251,11839.051565317586
533,11710.61087705251,11801.726878277592
534,11710.61087705251,11805.263313699728
535,11710.61087705251,11777.668591856416
536,11710.61087705251,11797.154276799813
537,11710.61087705251,11758.380798967313
538,11710.61087705251,11808.558432143833
539,11710.61087705251,11777.461267688552
540,11710.61087705251,11781.672613022167
541,11710.61087705251,11794.221462895786
542,11710.61087705251,11739.058336465143
543,11710.61087705251,11755.665190721516
544,11710.61087705251,11783.680781516574
545,11710.61087705251,11733.018881409147
546,11710.61087705251,11763.036975586434
547,11710.61087705251,11767.40017697264
548,11710.61087705251,11769.622702333401
549,11710.61087705251,11760.967634222192
550,11710.61087705251,11772.687925160379
551,11710.61087705251,11710.61087705251
552,11710.61087705251,11736.800676751083
553,11710.61087705251,11736.800676751083
554,11710.61087705251,11742.38413905951
555,11710.61087705251,11710.61087705251
556,11710.61087705251,11742.38413905951
557,11710.61087705251,11736.800676751083
558,11710.61087705251,11716.194339360934
559,11710.61087705251,11710.61087705251
560,11710.61087705251,11710.61087705251
561,11710.61087705251,11710.61087705251
562,11710.61087705251,11710.61087705251
563,11710.61087705251,11710.61087705251
564,11710.61087705251,11710.61087705251
565,11710.61087705251,11710.61087705251
566,11710.61087705251,11710.61087705251
567,11710.61087705251,11710.61087705251
568,11710.61087705251,11710.61087705251
569,11710.61087705251,11710.61087705251
570,11710.61087705251,11710.61087705251
571,11710.61087705251,11710.61087705251
572,11710.61087705251,11710.61087705251
573,11710.61087705251,11710.61087705251
574,11710.61087705251,11710.61087705251
575,11710.61087705251,11710.61087705251
576,11710.61087705251,11710.61087705251
577,11710.61087705251,11710.61087705251
578,11710.61087705251,11710.61087705251
579,11710.61087705251,11710.61087705251
580,11710.61087705251,11710.61087705251
581,11710.61087705251,11710.61087705251
582,11710.61087705251,11710.61087705251
583,11710.61087705251,11710.61087705251
584,11710.61087705251,11710.61087705251
585,11710.61087705251,11710.61087705251
586,11710.61087705251,11710.61087705251
587,11710.61087705251,11710.61087705251
588,11710.61087705251,11710.61087705251
589,11710.61087705251,11710.61087705251
590,11710.61087705251,11710.61087705251
591,11710.61087705251,11710.61087705251
592,11710.61087705251,11710.61087705251
593,11710.61087705251,11710.61087705251
594,11710.61087705251,11710.61087705251
595,11710.61087705251,11710.61087705251
596,11710.61087705251,11710.61087705251
597,11710.61087705251,11710.61087705251
598,11710.61087705251,11710.61087705251
599,11710.61087705251,11710.61087705251
600,11710.61087705251,11710.61087705251
601,11710.61087705251,11710.61087705251
602,11710.61087705251,11710.61087705251
603,11710.61087705251,11710.61087705251
604,11710.61087705251,11710.61087705251
605,11710.61087705251,11710.61087705251
606,11710.61087705251,11710.61087705251
607,11710.61087705251,11710.61087705251
608,11710.61087705251,11710.61087705251
609,11710.61087705251,11710.61087705251
610,11710.61087705251,11710.61087705251
611,11710.61087705251,11710.61087705251
612,11710.61087705251,11710.61087705251
613,11710.61087705251,11710.61087705251
614,11710.61087705251,11710.61087705251
615,11710.61087705251,11710.61087705251
616,11710.61087705251,11710.61087705251
617,11710.61087705251,11710.61087705251
618,11710.61087705251,11710.61087705251
619,11710.61087705251,11710.61087705251
620,11710.61087705251,11710.61087705251
621,11710.61087705251,11710.61087705251
622,11710.61087705251,11710.61087705251
623,11710.61087705251,11710.61087705251
624,11710.61087705251,11710.61087705251
625,11710.61087705251,11710.61087705251
626,11710.61087705251,11710.61087705251
627,11710.61087705251,11710.61087705251
628,11710.61087705251,11710.61087705251
629,11710.61087705251,11710.61087705251
630,11710.61087705251,11710.61087705251
631,11710.61087705251,11710.61087705251
632,11710.61087705251,11710.61087705251
633,11710.61087705251,11710.61087705251
634,11710.61087705251,11710.61087705251
635,11710.61087705251,11710.61087705251
636,11710.61087705251,11710.61087705251
637,11710.61087705251,11710.61087705251
638,11710.61087705251,11710.61087705251
639,11710.61087705251,11710.61087705251
640,11710.61087705251,11710.61087705251
641,11710.61087705251,11710.61087705251
642,11710.61087705251,11710.61087705251
643,11710.61087705251,11710.61087705251
644,11710.61087705251,11710.61087705251
645,11710.61087705251,11710.61087705251
646,11710.61087705251,11710.61087705251
647,11710.61087705251,11710.61087705251
648,11710.61087705251,11710.61087705251
649,11710.61087705251,11710.61087705251
650,11710.61087705251,11710.61087705251
651,11710.61087705251,11710.61087705251
652,11710.61087705251,11710.61087705251
653,11710.61087705251,11710.61087705251
654,11710.61087705251,11710.61087705251
655,11710.61087705251,11710.61087705251
656,11710.61087705251,11710.61087705251
657,11710.61087705251,11710.61087705251
658,11710.61087705251,11710.61087705251
659,11710.61087705251,11710.61087705251
660,11710.61087705251,11710.61087705251
661,11710.61087705251,11710.61087705251
662,11710.61087705251,11710.61087705251
663,11710.61087705251,11710.61087705251
664,11710.61087705251,11710.61087705251
665,11710.61087705251,11710.61087705251
666,11710.61087705251,11710.61087705251
667,11710.61087705251,11710.61087705251
668,11710.61087705251,11710.61087705251
669,11710.61087705251,11710.61087705251
670,11710.61087705251,11710.61087705251
671,11710.61087705251,11710.61087705251
672,11710.61087705251,11710.61087705251
673,11710.61087705251,11710.61087705251
674,11710.61087705251,11710.61087705251
675,11710.61087705251,11710.61087705251
676,11710.61087705251,11710.61087705251
677,11710.61087705251,11710.61087705251
678,11710.61087705251,11710.61087705251
679,11710.61087705251,11710.61087705251
680,11710.61087705251,11710.61087705251
681,11710.61087705251,11710.61087705251
682,11710.61087705251,11710.61087705251
683,11710.61087705251,11710.61087705251
684,11710.61087705251,11710.61087705251
685,11710.61087705251,11710.61087705251
686,11710.61087705251,11710.61087705251
687,11710.61087705251,11710.61087705251
688,11710.61087705251,11710.61087705251
689,11710.61087705251,11710.61087705251
690,11710.61087705251,11710.61087705251
691,11710.61087705251,11710.61087705251
692,11710.61087705251,11710.61087705251
693,11710.61087705251,11710.61087705251
694,11710.61087705251,11710.61087705251
695,11710.61087705251,11710.61087705251
696,11710.61087705251,11710.61087705251
697,11710.61087705251,11710.61087705251
698,11710.61087705251,11710.61087705251
699,11710.61087705251,11710.61087705251
700,11710.61087705251,11710.61087705251
701,11710.61087705251,11710.61087705251
702,11710.61087705251,11710.61087705251
703,11710.61087705251,11710.61087705251
704,11710.61087705251,11710.61087705251
705,11710.61087705251,11710.61087705251
706,11710.61087705251,11710.61087705251
707,11710.61087705251,11710.61087705251
708,11710.61087705251,11710.61087705251
709,11710.61087705251,11710.61087705251
710,11710.61087705251,11710.61087705251
711,11710.61087705251,11710.61087705251
712,11710.61087705251,11710.61087705251
713,11710.61087705251,11710.61087705251
714,11710.61087705251,11710.61087705251
715,11710.61087705251,11710.61087705251
716,11710.61087705251,11710.61087705251
717,11710.61087705251,11710.61087705251
718,11710.61087705251,11710.61087705251
719,11710.61087705251,11710.61087705251
720,11710.61087705251,11710.61087705251
721,11710.61087705251,11710.61087705251
722,11710.61087705251,11710.61087705251
723,11710.61087705251,11710.61087705251
724,11710.61087705251,11710.61087705251
725,11710.61087705251,11710.61087705251
726,11710.61087705251,11710.61087705251
727,11710.61087705251,11710.61087705251
728,11710.61087705251,11710.61087705251
729,11710.61087705251,11710.61087705251
730,11710.61087705251,11710.61087705251
731,11710.61087705251,11710.61087705251
732,11710.61087705251,11710.61087705251
733,11710.61087705251,11710.61087705251
734,11710.61087705251,11710.61087705251
735,11710.61087705251,11710.61087705251
736,11710.61087705251,11710.61087705251
737,11710.61087705251,11710.61087705251
738,11710.61087705251,11710.61087705251
739,11710.61087705251,11710.61087705251
740,11710.61087705251,11710.61087705251
741,11710.61087705251,11710.61087705251
742,11710.61087705251,11710.61087705251
743,11710.61087705251,11710.61087705251
744,11710.61087705251,11710.61087705251
745,11710.61087705251,11710.61087705251
746,11710.61087705251,11710.61087705251
747,11710.61087705251,11710.61087705251
748,11710.61087705251,11710.61087705251
749,11710.61087705251,11710.61087705251
750,11710.61087705251,11710.61087705251
751,11710.61087705251,11710.61087705251
752,11710.61087705251,11710.61087705251
753,11710.61087705251,11710.61087705251
754,11710.61087705251,11710.61087705251
755,11710.61087705251,11710.61087705251
756,11710.61087705251,11710.61087705251
757,11710.61087705251,11710.61087705251
758,11710.61087705251,11710.61087705251
759,11710.61087705251,11710.61087705251
760,11710.61087705251,11710.61087705251
761,11710.61087705251,11710.61087705251
762,11710.61087705251,11710.61087705251
763,11710.61087705251,11710.61087705251
764,11710.61087705251,11710.61087705251
765,11710.61087705251,11710.61087705251
766,11710.61087705251,11710.61087705251
767,11710.61087705251,11710.61087705251
768,11710.61087705251,11710.61087705251
769,11710.61087705251,11710.61087705251
770,11710.61087705251,11710.61087705251
771,11710.61087705251,11710.61087705251
772,11710.61087705251,11710.61087705251
773,11710.61087705251,11710.61087705251
774,11710.61087705251,11710.61087705251
775,11710.61087705251,11710.61087705251
776,11710.61087705251,11710.61087705251
777,11710.61087705251,11710.61087705251
778,11710.61087705251,11710.61087705251
779,11710.61087705251,11710.61087705251
780,11710.61087705251,11710.61087705251
781,11710.61087705251,11710.61087705251
782,11710.61087705251,11710.61087705251
783,11710.61087705251,11710.61087705251
784,11710.61087705251,11710.61087705251
785,11710.61087705251,11710.61087705251
786,11710.61087705251,11710.61087705251
787,11710.61087705251,11710.61087705251
788,11710.61087705251,11710.61087705251
789,11710.61087705251,11710.61087705251
790,11710.61087705251,11710.61087705251
791,11710.61087705251,11710.61087705251
792,11710.61087705251,11710.61087705251
793,11710.61087705251,11710.61087705251
794,11710.61087705251,11710.61087705251
795,11710.61087705251,11710.61087705251
796,11710.61087705251,11710.61087705251
797,11710.61087705251,11710.61087705251
798,11710.61087705251,11710.61087705251
799,11710.61087705251,11710.61087705251
800,11710.61087705251,11710.61087705251
801,11710.61087705251,11710.61087705251
802,11710.61087705251,11710.61087705251
803,11710.61087705251,11710.61087705251
804,11710.61087705251,11710.61087705251
805,11710.61087705251,11710.61087705251
806,11710.61087705251,11710.61087705251
807,11710.61087705251,11710.61087705251
808,11710.61087705251,11710.61087705251
809,11710.61087705251,11710.61087705251
810,11710.61087705251,11710.61087705251
811,11710.61087705251,11710.61087705251
812,11710.61087705251,11710.61087705251
813,11710.61087705251,11710.61087705251
814,11710.61087705251,11710.61087705251
815,11710.61087705251,11710.61087705251
816,11710.61087705251,11710.61087705251
817,11710.61087705251,11710.61087705251
818,11710.61087705251,11710.61087705251
819,11710.61087705251,11710.61087705251
820,11710.61087705251,11710.61087705251
821,11710.61087705251,11710.61087705251
822,11710.61087705251,11710.61087705251
823,11710.61087705251,11710.61087705251
824,11710.61087705251,11710.61087705251
825,11710.61087705251,11710.61087705251
826,11710.61087705251,11710.61087705251
827,11710.61087705251,11710.61087705251
828,11710.61087705251,11710.61087705251
829,11710.61087705251,11710.61087705251
830,11710.61087705251,11710.61087705251
831,11710.61087705251,11710.61087705251
832,11710.61087705251,11710.61087705251
833,11710.61087705251,11710.61087705251
834,11710.61087705251,11710.61087705251
835,11710.61087705251,11710.61087705251
836,11710.61087705251,11710.61087705251
837,11710.61087705251,11710.61087705251
838,11710.61087705251,11710.61087705251
839,11710.61087705251,11710.61087705251
840,11710.61087705251,11710.61087705251
841,11710.61087705251,11710.61087705251
842,11710.61087705251,11710.61087705251
843,11710.61087705251,11710.61087705251
844,11710.61087705251,11710.61087705251
845,11710.61087705251,11710.61087705251
846,11710.61087705251,11710.61087705251
847,11710.61087705251,11710.61087705251
848,11710.61087705251,11710.61087705251
849,11710.61087705251,11710.61087705251
850,11710.61087705251,11710.61087705251
851,11710.61087705251,11710.61087705251
852,11710.61087705251,11710.61087705251
853,11710.61087705251,11710.61087705251
854,11710.61087705251,11710.61087705251
855,11710.61087705251,11710.61087705251
856,11710.61087705251,11710.61087705251
857,11710.61087705251,11710.61087705251
858,11710.61087705251,11710.61087705251
859,11710.61087705251,11710.61087705251
860,11710.61087705251,11710.61087705251
861,11710.61087705251,11710.61087705251
862,11710.61087705251,11710.61087705251
863,11710.61087705251,11710.61087705251
864,11710.61087705251,11710.61087705251
865,11710.61087705251,11710.61087705251
866,11710.61087705251,11710.61087705251
867,11710.61087705251,11710.61087705251
868,11710.61087705251,11710.61087705251
869,11710.61087705251,11710.61087705251
870,11710.61087705251,11710.61087705251
871,11710.61087705251,11710.61087705251
872,11710.61087705251,11710.61087705251
873,11710.61087705251,11710.61087705251
874,11710.61087705251,11710.61087705251
875,11710.61087705251,11710.61087705251
876,11710.61087705251,11710.61087705251
877,11710.61087705251,11710.61087705251
878,11710.61087705251,11710.61087705251
879,11710.61087705251,11710.61087705251
880,11710.61087705251,11710.61087705251
881,11710.61087705251,11710.61087705251
882,11710.61087705251,11710.61087705251
883,11710.61087705251,11710.61087705251
884,11710.61087705251,11710.61087705251
885,11710.61087705251,11710.61087705251
886,11710.61087705251,11710.61087705251
887,11710.61087705251,11710.61087705251
888,11710.61087705251,11710.61087705251
889,11710.61087705251,11710.61087705251
890,11710.61087705251,11710.61087705251
891,11710.61087705251,11710.61087705251
892,11710.61087705251,11710.61087705251
893,11710.61087705251,11710.61087705251
894,11710.61087705251,11710.61087705251
895,11710.61087705251,11710.61087705251
896,11710.61087705251,11710.61087705251
897,11710.61087705251,11710.61087705251
898,11710.61087705251,11710.61087705251
899,11710.61087705251,11710.61087705251
900,11710.61087705251,11710.61087705251
901,11710.61087705251,11710.61087705251
902,11710.61087705251,11710.61087705251
903,11710.61087705251,11710.61087705251
904,11710.61087705251,11710.61087705251
905,11710.61087705251,11710.61087705251
906,11710.61087705251,11710.61087705251
907,11710.61087705251,11710.61087705251
908,11710.61087705251,11710.61087705251
909,11710.61087705251,11710.61087705251
910,11710.61087705251,11710.61087705251
911,11710.61087705251,11710.61087705251
912,11710.61087705251,11710.61087705251
913,11710.61087705251,11710.61087705251
914,11710.61087705251,11710.61087705251
915,11710.61087705251,11710.61087705251
916,11710.61087705251,11710.61087705251
917,11710.61087705251,11710.61087705251
918,11710.61087705251,11710.61087705251
919,11710.61087705251,11710.61087705251
920,11710.61087705251,11710.61087705251
921,11710.61087705251,11710.61087705251
922,11710.61087705251,11710.61087705251
923,11710.61087705251,11710.61087705251
924,11710.61087705251,11710.61087705251
925,11710.61087705251,11710.61087705251
926,11710.61087705251,11710.61087705251
927,11710.61087705251,11710.61087705251
928,11710.61087705251,11710.61087705251
929,11710.61087705251,11710.61087705251
930,11710.61087705251,11710.61087705251
931,11710.61087705251,11710.61087705251
932,11710.61087705251,11710.61087705251
933,11710.61087705251,11710.61087705251
934,11710.61087705251,11710.61087705251
935,11710.61087705251,11710.61087705251
936,11710.61087705251,11710.61087705251
937,11710.61087705251,11710.61087705251
938,11710.61087705251,11710.61087705251
939,11710.61087705251,11710.61087705251
940,11710.61087705251,11710.61087705251
941,11710.61087705251,11710.61087705251
942,11710.61087705251,11710.61087705251
943,11710.61087705251,11710.61087705251
944,11710.61087705251,11710.61087705251
945,11710.61087705251,11710.61087705251
946,11710.61087705251,11710.61087705251
947,11710.61087705251,11710.61087705251
948,11710.61087705251,11710.61087705251
949,11710.61087705251,11710.61087705251
950,11710.61087705251,11710.61087705251
951,11710.61087705251,11710.61087705251
952,11710.61087705251,11710.61087705251
953,11710.61087705251,11710.61087705251
954,11710.61087705251,11710.61087705251
955,11710.61087705251,11710.61087705251
956,11710.61087705251,11710.61087705251
957,11710.61087705251,11710.61087705251
958,11710.61087705251,11710.61087705251
959,11710.61087705251,11710.61087705251
960,11710.61087705251,11710.61087705251
961,11710.61087705251,11710.61087705251
962,11710.61087705251,11710.61087705251
963,11710.61087705251,11710.61087705251
964,11710.61087705251,11710.61087705251
965,11710.61087705251,11710.61087705251
966,11710.61087705251,11710.61087705251
967,11710.61087705251,11710.61087705251
968,11710.61087705251,11710.61087705251
969,11710.61087705251,11710.61087705251
970,11710.61087705251,11710.61087705251
971,11710.61087705251,11710.61087705251
972,11710.61087705251,11710.61087705251
973,11710.61087705251,11710.61087705251
974,11710.61087705251,11710.61087705251
975,11710.61087705251,11710.61087705251
976,11710.61087705251,11710.61087705251
977,11710.61087705251,11710.61087705251
978,11710.61087705251,11710.61087705251
979,11710.61087705251,11710.61087705251
980,11710.61087705251,11710.61087705251
981,11710.61087705251,11710.61087705251
982,11710.61087705251,11710.61087705251
983,11710.61087705251,11710.61087705251
984,11710.61087705251,11710.61087705251
985,11710.61087705251,11710.61087705251
986,11710.61087705251,11710.61087705251
987,11710.61087705251,11710.61087705251
988,11710.61087705251,11710.61087705251
989,11710.61087705251,11710.61087705251
990,11710.61087705251,11710.61087705251
991,11710.61087705251,11710.61087705251
992,11710.61087705251,11710.61087705251
993,11710.61087705251,11710.61087705251
994,11710.61087705251,11710.61087705251
995,11710.61087705251,11710.61087705251
996,11710.61087705251,11710.61087705251
997,11710.61087705251,11710.61087705251
998,11710.61087705251,11710.61087705251
999,11710.61087705251,11710.61087705251
1000,11710.61087705251,11710.61087705251
1001,11710.61087705251,11710.61087705251
1002,11710.61087705251,11710.61087705251
1003,11710.61087705251,11710.61087705251
1004,11710.61087705251,11710.61087705251
1005,11710.61087705251,11710.61087705251
1006,11710.61087705251,11710.61087705251
1007,11710.61087705251,11710.61087705251
1008,11710.61087705251,11710.61087705251
1009,11710.61087705251,11710.61087705251
1010,11710.61087705251,11710.61087705251
1011,11710.61087705251,11710.61087705251
1012,11710.61087705251,11710.61087705251
1013,11710.61087705251,11710.61087705251
1014,11710.61087705251,11710.61087705251
1015,11710.61087705251,11710.61087705251
1016,11710.61087705251,11710.61087705251
1017,11710.61087705251,11710.61087705251
1018,11710.61087705251,11710.61087705251
1019,11710.61087705251,11710.61087705251
1020,11710.61087705251,11710.61087705251
1021,11710.61087705251,11710.61087705251
1022,11710.61087705251,11710.61087705251
1023,11710.61087705251,11710.61087705251
1024,11710.61087705251,11710.61087705251
1025,11710.61087705251,11710.61087705251
1026,11710.61087705251,11710.61087705251
1027,11710.61087705251,11710.61087705251
1028,11710.61087705251,11710.61087705251
1029,11710.61087705251,11710.61087705251
1030,11710.61087705251,11710.61087705251
1031,11710.61087705251,11710.61087705251
1032,11710.61087705251,11710.61087705251
1033,11710.61087705251,11710.61087705251
1034,11710.61087705251,11710.61087705251
1035,11710.61087705251,11710.61087705251
1036,11710.61087705251,11710.61087705251
1037,11710.61087705251,11710.61087705251
1038,11710.61087705251,11710.61087705251
1039,11710.61087705251,11710.61087705251
1040,11710.61087705251,11710.61087705251
1041,11710.61087705251,11710.61087705251
1042,11710.61087705251,11710.61087705251
1043,11710.61087705251,11710.61087705251
1044,11710.61087705251,11710.61087705251
1045,11710.61087705251,11710.61087705251
1046,11710.61087705251,11710.61087705251
1047,11710.61087705251,11710.61087705251
1048,11710.61087705251,11710.61087705251
1049,11710.61087705251,11710.61087705251
1050,11710.61087705251,11710.61087705251
1051,11710.61087705251,11710.61087705251
1052,11710.61087705251,11710.61087705251
1053,11710.61087705251,11710.61087705251
1054,11710.61087705251,11710.61087705251
1055,11710.61087705251,11710.61087705251
1056,11710.61087705251,11710.61087705251
1057,11710.61087705251,11710.61087705251
1058,11710.61087705251,11710.61087705251
1059,11710.61087705251,11710.61087705251
1060,11710.61087705251,11710.61087705251
1061,11710.61087705251,11710.61087705251
1062,11710.61087705251,11710.61087705251
1063,11710.61087705251,11710.61087705251
1064,11710.61087705251,11710.61087705251
1065,11710.61087705251,11710.61087705251
1066,11710.61087705251,11710.61087705251
1067,11710.61087705251,11710.61087705251
1068,11710.61087705251,11710.61087705251
1069,11710.61087705251,11710.61087705251
1070,11710.61087705251,11710.61087705251
1071,11710.61087705251,11710.61087705251
1072,11710.61087705251,11710.61087705251
1073,11710.61087705251,11710.61087705251
1074,11710.61087705251,11710.61087705251
1075,11710.61087705251,11710.61087705251
1076,11710.61087705251,11710.61087705251
1077,11710.61087705251,11710.61087705251
1078,11710.61087705251,11710.61087705251
1079,11710.61087705251,11710.61087705251
1080,11710.61087705251,11710.61087705251
1081,11710.61087705251,11710.61087705251
1082,11710.61087705251,11710.61087705251
1083,11710.61087705251,11710.61087705251
1084,11710.61087705251,11710.61087705251
1085,11710.61087705251,11710.61087705251
1086,11710.61087705251,11710.61087705251
1087,11710.61087705251,11710.61087705251
1088,11710.61087705251,11710.61087705251
1089,11710.61087705251,11710.61087705251
1090,11710.61087705251,11710.61087705251
1091,11710.61087705251,11710.61087705251
1092,11710.61087705251,11710.61087705251
1093,11710.61087705251,11710.61087705251
1094,11710.61087705251,11710.61087705251
1095,11710.61087705251,11710.61087705251
1096,11710.61087705251,11710.61087705251
1097,11710.61087705251,11710.61087705251
1098,11710.61087705251,11710.61087705251
1099,11710.61087705251,11710.61087705251
1100,11710.61087705251,11710.61087705251
1101,11710.61087705251,11710.61087705251
1102,11710.61087705251,11710.61087705251
1103,11710.61087705251,11710.61087705251
1104,11710.61087705251,11710.61087705251
1105,11710.61087705251,11710.61087705251
1106,11710.61087705251,11710.61087705251
1107,11710.61087705251,11710.61087705251
1108,11710.61087705251,11710.61087705251
1109,11710.61087705251,11710.61087705251
1110,11710.61087705251,11710.61087705251
1111,11710.61087705251,11710.61087705251
1112,11710.61087705251,11710.61087705251
1113,11710.61087705251,11710.61087705251
1114,11710.61087705251,11710.61087705251
1115,11710.61087705251,11710.61087705251
1116,11710.61087705251,11710.61087705251
1117,11710.61087705251,11710.61087705251
1118,11710.61087705251,11710.61087705251
1119,11710.61087705251,11710.61087705251
1120,11710.61087705251,11710.61087705251
1121,11710.61087705251,11710.61087705251
1122,11710.61087705251,11710.61087705251
1123,11710.61087705251,11710.61087705251
1124,11710.61087705251,11710.61087705251
1125,11710.61087705251,11710.61087705251
1126,11710.61087705251,11710.61087705251
1127,11710.61087705251,11710.61087705251
1128,11710.61087705251,11710.61087705251
1129,11710.61087705251,11710.61087705251
1130,11710.61087705251,11710.61087705251
1131,11710.61087705251,11710.61087705251
1132,11710.61087705251,11710.61087705251
1133,11710.61087705251,11710.61087705251
1134,11710.61087705251,11710.61087705251
1135,11710.61087705251,11710.61087705251
1136,11710.61087705251,11710.61087705251
1137,11710.61087705251,11710.61087705251
1138,11710.61087705251,11710.61087705251
1139,11710.61087705251,11710.61087705251
1140,11710.61087705251,11710.61087705251
1141,11710.61087705251,11710.61087705251
1142,11710.61087705251,11710.61087705251
1143,11710.61087705251,11710.61087705251
1144,11710.61087705251,11710.61087705251
1145,11710.61087705251,11710.61087705251
1146,11710.61087705251,11710.61087705251
1147,11710.61087705251,11710.61087705251
1148,11710.61087705251,11710.61087705251
1149,11710.61087705251,11710.61087705251
1150,11710.61087705251,11710.61087705251
1151,11710.61087705251,11710.61087705251
1152,11710.61087705251,11710.61087705251
1153,11710.61087705251,11710.61087705251
1154,11710.61087705251,11710.61087705251
1155,11710.61087705251,11710.61087705251
1156,11710.61087705251,11710.61087705251
1157,11710.61087705251,11710.61087705251
1158,11710.61087705251,11710.61087705251
1159,11710.61087705251,11710.61087705251
1160,11710.61087705251,11710.61087705251
1161,11710.61087705251,11710.61087705251
1162,11710.61087705251,11710.61087705251
1163,11710.61087705251,11710.61087705251
1164,11710.61087705251,11710.61087705251
1165,11710.61087705251,11710.61087705251
1166,11710.61087705251,11710.61087705251
1167,11710.61087705251,11710.61087705251
1168,11710.61087705251,11710.61087705251
1169,11710.61087705251,11710.61087705251
1170,11710.61087705251,11710.61087705251
1171,11710.61087705251,11710.61087705251
1172,11710.61087705251,11710.61087705251
1173,11710.61087705251,11710.61087705251
1174,11710.61087705251,11710.61087705251
1175,11710.61087705251,11710.61087705251
1176,11710.61087705251,11710.61087705251
1177,11710.61087705251,11710.61087705251
1178,11710.61087705251,11710.61087705251
1179,11710.61087705251,11710.61087705251
1180,11710.61087705251,11710.61087705251
1181,11710.61087705251,11710.61087705251
1182,11710.61087705251,11710.61087705251
1183,11710.61087705251,11710.61087705251
1184,11710.61087705251,11710.61087705251
1185,11710.61087705251,11710.61087705251
1186,11710.61087705251,11710.61087705251
1187,11710.61087705251,11710.61087705251
1188,11710.61087705251,11710.61087705251
1189,11710.61087705251,11710.61087705251
1190,11710.61087705251,11710.61087705251
1191,11710.61087705251,11710.61087705251
1192,11710.61087705251,11710.61087705251
1193,11710.61087705251,11710.61087705251
1194,11710.61087705251,11710.61087705251
1195,11710.61087705251,11710.61087705251
1196,11710.61087705251,11710.61087705251
1197,11710.61087705251,11710.61087705251
1198,11710.61087705251,11710.61087705251
1199,11710.61087705251,11710.61087705251
1200,11710.61087705251,11710.61087705251
1201,11710.61087705251,11710.61087705251
1202,11710.61087705251,11710.61087705251
1203,11710.61087705251,11710.61087705251
1204,11710.61087705251,11710.61087705251
1205,11710.61087705251,11710.61087705251
1206,11710.61087705251,11710.61087705251
1207,11710.61087705251,11710.61087705251
1208,11710.61087705251,11710.61087705251
1209,11710.61087705251,11710.61087705251
1210,11710.61087705251,11710.61087705251
1211,11710.61087705251,11710.61087705251
1212,11710.61087705251,11710.61087705251
1213,11710.61087705251,11710.61087705251
1214,11710.61087705251,11710.61087705251
1215,11710.61087705251,11710.61087705251
1216,11710.61087705251,11710.61087705251
1217,11710.61087705251,11710.61087705251
1218,11710.61087705251,11710.61087705251
1219,11710.61087705251,11710.61087705251
1220,11710.61087705251,11710.61087705251
1221,11710.61087705251,11710.61087705251
1222,11710.61087705251,11710.61087705251
1223,11710.61087705251,11710.61087705251
1224,11710.61087705251,11710.61087705251
1225,11710.61087705251,11710.61087705251
1226,11710.61087705251,11710.61087705251
1227,11710.61087705251,11710.61087705251
1228,11710.61087705251,11710.61087705251
1229,11710.61087705251,11710.61087705251
1230,11710.61087705251,11710.61087705251
1231,11710.61087705251,11710.61087705251
1232,11710.61087705251,11710.61087705251
1233,11710.61087705251,11710.61087705251
1234,11710.61087705251,11710.61087705251
1235,11710.61087705251,11710.61087705251
1236,11710.61087705251,11710.61087705251
1237,11710.61087705251,11710.61087705251
1238,11710.61087705251,11710.61087705251
1239,11710.61087705251,11710.61087705251
1240,11710.61087705251,11710.61087705251
1241,11710.61087705251,11710.61087705251
1242,11710.61087705251,11710.61087705251
1243,11710.61087705251,11710.61087705251
1244,11710.61087705251,11710.61087705251
1245,11710.61087705251,11710.61087705251
1246,11710.61087705251,11710.61087705251
1247,11710.61087705251,11710.61087705251
1248,11710.61087705251,11710.61087705251
1249,11710.61087705251,11710.61087705251
1250,11710.61087705251,11710.61087705251
1251,11710.61087705251,11710.61087705251
1252,11710.61087705251,11710.61087705251
1253,11710.61087705251,11710.61087705251
1254,11710.61087705251,11710.61087705251
1255,11710.61087705251,11710.61087705251
1256,11710.61087705251,11710.61087705251
1257,11710.61087705251,11710.61087705251
1258,11710.61087705251,11710.61087705251
1259,11710.61087705251,11710.61087705251
1260,11710.61087705251,11710.61087705251
1261,11710.61087705251,11710.61087705251
1262,11710.61087705251,11710.61087705251
1263,11710.61087705251,11710.61087705251
1264,11710.61087705251,11710.61087705251
1265,11710.61087705251,11710.61087705251
1266,11710.61087705251,11710.61087705251
1267,11710.61087705251,11710.61087705251
1268,11710.61087705251,11710.61087705251
1269,11710.61087705251,11710.61087705251
1270,11710.61087705251,11710.61087705251
1271,11710.61087705251,11710.61087705251
1272,11710.61087705251,11710.61087705251
1273,11710.61087705251,11710.61087705251
1274,11710.61087705251,11710.61087705251
1275,11710.61087705251,11710.61087705251
1276,11710.61087705251,11710.61087705251
1277,11710.61087705251,11710.61087705251
1278,11710.61087705251,11710.61087705251
1279,11710.61087705251,11710.61087705251
1280,11710.61087705251,11710.61087705251
1281,11710.61087705251,11710.61087705251
1282,11710.61087705251,11710.61087705251
1283,11710.61087705251,11710.61087705251
1284,11710.61087705251,11710.61087705251
1285,11710.61087705251,11710.61087705251
1286,11710.61087705251,11710.61087705251
1287,11710.61087705251,11710.61087705251
1288,11710.61087705251,11710.61087705251
1289,11710.61087705251,11710.61087705251
1290,11710.61087705251,11710.61087705251
1291,11710.61087705251,11710.61087705251
1292,11710.61087705251,11710.61087705251
1293,11710.61087705251,11710.61087705251
1294,11710.61087705251,11710.61087705251
1295,11710.61087705251,11710.61087705251
1296,11710.61087705251,11710.61087705251
1297,11710.61087705251,11710.61087705251
1298,11710.61087705251,11710.61087705251
1299,11710.61087705251,11710.61087705251
1300,11710.61087705251,11710.61087705251
1301,11710.61087705251,11710.61087705251
1302,11710.61087705251,11710.61087705251
1303,11710.61087705251,11710.61087705251
1304,11710.61087705251,11710.61087705251
1305,11710.61087705251,11710.61087705251
1306,11710.61087705251,11710.61087705251
1307,11710.61087705251,11710.61087705251
1308,11710.61087705251,11710.61087705251
1309,11710.61087705251,11710.61087705251
1310,11710.61087705251,11710.61087705251
1311,11710.61087705251,11710.61087705251
1312,11710.61087705251,11710.61087705251
1313,11710.61087705251,11710.61087705251
1314,11710.61087705251,11710.61087705251
1315,11710.61087705251,11710.61087705251
1316,11710.61087705251,11710.61087705251
1317,11710.61087705251,11710.61087705251
1318,11710.61087705251,11710.61087705251
1319,11710.61087705251,11710.61087705251
1320,11710.61087705251,11710.61087705251
1321,11710.61087705251,11710.61087705251
1322,11710.61087705251,11710.61087705251
1323,11710.61087705251,11710.61087705251
1324,11710.61087705251,11710.61087705251
1325,11710.61087705251,11710.61087705251
1326,11710.61087705251,11710.61087705251
1327,11710.61087705251,11710.61087705251
1328,11710.61087705251,11710.61087705251
1329,11710.61087705251,11710.61087705251
1330,11710.61087705251,11710.61087705251
1331,11710.61087705251,11710.61087705251
1332,11710.61087705251,11710.61087705251
1333,11710.61087705251,11710.61087705251
1334,11710.61087705251,11710.61087705251
1335,11710.61087705251,11710.61087705251
1336,11710.61087705251,11710.61087705251
1337,11710.61087705251,11710.61087705251
1338,11710.61087705251,11710.61087705251
1339,11710.61087705251,11710.61087705251
1340,11710.61087705251,11710.61087705251
1341,11710.61087705251,11710.61087705251
1342,11710.61087705251,11710.61087705251
1343,11710.61087705251,11710.61087705251
1344,11710.61087705251,11710.61087705251
1345,11710.61087705251,11710.61087705251
1346,11710.61087705251,11710.61087705251
1347,11710.61087705251,11710.61087705251
1348,11710.61087705251,11710.61087705251
1349,11710.61087705251,11710.61087705251
1350,11710.61087705251,11710.61087705251
1351,11710.61087705251,11710.61087705251
1352,11710.61087705251,11710.61087705251
1353,11710.61087705251,11710.61087705251
1354,11710.61087705251,11710.61087705251
1355,11710.61087705251,11710.61087705251
1356,11710.61087705251,11710.61087705251
1357,11710.61087705251,11710.61087705251
1358,11710.61087705251,11710.61087705251
1359,11710.61087705251,11710.61087705251
1360,11710.61087705251,11710.61087705251
1361,11710.61087705251,11710.61087705251
1362,11710.61087705251,11710.61087705251
1363,11710.61087705251,11710.61087705251
1364,11710.61087705251,11710.61087705251
1365,11710.61087705251,11710.61087705251
1366,11710.61087705251,11710.61087705251
1367,11710.61087705251,11710.61087705251
1368,11710.61087705251,11710.61087705251
1369,11710.61087705251,11710.61087705251
1370,11710.61087705251,11710.61087705251
1371,11710.61087705251,11710.61087705251
1372,11710.61087705251,11710.61087705251
1373,11710.61087705251,11710.61087705251
1374,11710.61087705251,11710.61087705251
1375,11710.61087705251,11710.61087705251
1376,11710.61087705251,11710.61087705251
1377,11710.61087705251,11710.61087705251
1378,11710.61087705251,11710.61087705251
1379,11710.61087705251,11710.61087705251
1380,11710.61087705251,11710.61087705251
1381,11710.61087705251,11710.61087705251
1382,11710.61087705251,11710.61087705251
1383,11710.61087705251,11710.61087705251
1384,11710.61087705251,11710.61087705251
1385,11710.61087705251,11710.61087705251
1386,11710.61087705251,11710.61087705251
1387,11710.61087705251,11710.61087705251
1388,11710.61087705251,11710.61087705251
1389,11710.61087705251,11710.61087705251
1390,11710.61087705251,11710.61087705251
1391,11710.61087705251,11710.61087705251
1392,11710.61087705251,11710.61087705251
1393,11710.61087705251,11710.61087705251
1394,11710.61087705251,11710.61087705251
1395,11710.61087705251,11710.61087705251
1396,11710.61087705251,11710.61087705251
1397,11710.61087705251,11710.61087705251
1398,11710.61087705251,11710.61087705251
1399,11710.61087705251,11710.61087705251
1400,11710.61087705251,11710.61087705251
1401,11710.61087705251,11710.61087705251
1402,11710.61087705251,11710.61087705251
1403,11710.61087705251,11710.61087705251
1404,11710.61087705251,11710.61087705251
1405,11710.61087705251,11710.61087705251
1406,11710.61087705251,11710.61087705251
1407,11710.61087705251,11710.61087705251
1408,11710.61087705251,11710.61087705251
1409,11710.61087705251,11710.61087705251
1410,11710.61087705251,11710.61087705251
1411,11710.61087705251,11710.61087705251
1412,11710.61087705251,11710.61087705251
1413,11710.61087705251,11710.61087705251
1414,11710.61087705251,11710.61087705251
1415,11710.61087705251,11710.61087705251
1416,11710.61087705251,11710.61087705251
1417,11710.61087705251,11710.61087705251
1418,11710.61087705251,11710.61087705251
1419,11710.61087705251,11710.61087705251
1420,11710.61087705251,11710.61087705251
1421,11710.61087705251,11710.61087705251
1422,11710.61087705251,11710.61087705251
1423,11710.61087705251,11710.61087705251
1424,11710.61087705251,11710.61087705251
1425,11710.61087705251,11710.61087705251
1426,11710.61087705251,11710.61087705251
1427,11710.61087705251,11710.61087705251
1428,11710.61087705251,11710.61087705251
1429,11710.61087705251,11710.61087705251
1430,11710.61087705251,11710.61087705251
1431,11710.61087705251,11710.61087705251
1432,11710.61087705251,11710.61087705251
1433,11710.61087705251,11710.61087705251
1434,11710.61087705251,11710.61087705251
1435,11710.61087705251,11710.61087705251
1436,11710.61087705251,11710.61087705251
1437,11710.61087705251,11710.61087705251
1438,11710.61087705251,11710.61087705251
1439,11710.61087705251,11710.61087705251
1440,11710.61087705251,11710.61087705251
1441,11710.61087705251,11710.61087705251
1442,11710.61087705251,11710.61087705251
1443,11710.61087705251,11710.61087705251
1444,11710.61087705251,11710.61087705251
1445,11710.61087705251,11710.61087705251
1446,11710.61087705251,11710.61087705251
1447,11710.61087705251,11710.61087705251
1448,11710.61087705251,11710.61087705251
1449,11710.61087705251,11710.61087705251
1450,11710.61087705251,11710.61087705251
1451,11710.61087705251,11710.61087705251
1452,11710.61087705251,11710.61087705251
1453,11710.61087705251,11710.61087705251
1454,11710.61087705251,11710.61087705251
1455,11710.61087705251,11710.61087705251
1456,11710.61087705251,11710.61087705251
1457,11710.61087705251,11710.61087705251
1458,11710.61087705251,11710.61087705251
1459,11710.61087705251,11710.61087705251
1460,11710.61087705251,11710.61087705251
1461,11710.61087705251,11710.61087705251
1462,11710.61087705251,11710.61087705251
1463,11710.61087705251,11710.61087705251
1464,11710.61087705251,11710.61087705251
1465,11710.61087705251,11710.61087705251
1466,11710.61087705251,11710.61087705251
1467,11710.61087705251,11710.61087705251
1468,11710.61087705251,11710.61087705251
1469,11710.61087705251,11710.61087705251
1470,11710.61087705251,11710.61087705251
1471,11710.61087705251,11710.61087705251
1472,11710.61087705251,11710.61087705251
1473,11710.61087705251,11710.61087705251
1474,11710.61087705251,11710.61087705251
1475,11710.61087705251,11710.61087705251
1476,11710.61087705251,11710.61087705251
1477,11710.61087705251,11710.61087705251
1478,11710.61087705251,11710.61087705251
1479,11710.61087705251,11710.61087705251
1480,11710.61087705251,11710.61087705251
1481,11710.61087705251,11710.61087705251
1482,11710.61087705251,11710.61087705251
1483,11710.61087705251,11710.61087705251
1484,11710.61087705251,11710.61087705251
1485,11710.61087705251,11710.61087705251
1486,11710.61087705251,11710.61087705251
1487,11710.61087705251,11710.61087705251
1488,11710.61087705251,11710.61087705251
1489,11710.61087705251,11710.61087705251
1490,11710.61087705251,11710.61087705251
1491,11710.61087705251,11710.61087705251
1492,11710.61087705251,11710.61087705251
1493,11710.61087705251,11710.61087705251
1494,11710.61087705251,11710.61087705251
1495,11710.61087705251,11710.61087705251
1496,11710.61087705251,11710.61087705251
1497,11710.61087705251,11710.61087705251
1498,11710.61087705251,11710.61087705251
1499,11710.61087705251,11710.61087705251
