Iteration,Best Distance,Average Distance,Iter Time (s),Cumulative Time (s)
0,6224.0812840722265,8164.346945788645,0.03439044952392578,0.0343937873840332
1,6428.040373779818,7669.577156008516,0.037392377853393555,0.07221460342407227
2,6112.292155819166,7531.692727043547,0.03524613380432129,0.10831570625305176
3,6145.9653975060555,7368.131975190511,0.03629875183105469,0.14499759674072266
4,6112.400045954134,7150.395796565377,0.043326616287231445,0.1886446475982666
5,5864.9702407240575,7074.344118448659,0.03559374809265137,0.22470879554748535
6,5782.873347268065,6631.1556771611995,0.03619527816772461,0.2613041400909424
7,5917.890750440482,6776.199198026279,0.03544020652770996,0.2971963882446289
8,5915.61484036343,6710.490088182725,0.03509235382080078,0.3326878547668457
9,5892.546592691679,6640.393777605408,0.03544497489929199,0.3684201240539551
10,5881.7682328063065,6556.877018186592,0.03664588928222656,0.40540242195129395
11,5865.441204476915,6606.0750767522595,0.03528571128845215,0.4410686492919922
12,5973.585058943214,6621.5413296379775,0.035691261291503906,0.477139949798584
13,5908.7180346541845,6604.892753927175,0.035299062728881836,0.5128276348114014
14,5902.955196537656,6438.824432756199,0.034821510314941406,0.5479650497436523
15,5899.200317849789,6545.278413390334,0.035350799560546875,0.5835602283477783
16,5905.895915262037,6522.1880624234245,0.03493022918701172,0.6188759803771973
17,5889.345573164934,6563.891871934722,0.034960269927978516,0.6542212963104248
18,5998.957389667247,6657.997140216796,0.03509950637817383,0.6896564960479736
19,5880.810057064797,6539.087691855147,0.03522896766662598,0.7251319885253906
20,5854.872114390551,6470.74390786902,0.036348819732666016,0.7618613243103027
21,5920.110210507309,6466.410202633149,0.03529810905456543,0.79762864112854
22,5880.810057064797,6578.438125143095,0.036614179611206055,0.8345615863800049
23,5860.1746359825465,6393.657796585605,0.03503847122192383,0.8700459003448486
24,5811.124657654029,6479.676328645858,0.034848690032958984,0.9052350521087646
25,5790.830186031356,6555.906714126535,0.035196542739868164,0.9408049583435059
26,5877.710140758507,6513.813458575939,0.03486442565917969,0.9760067462921143
27,6032.07812023991,6514.861411262708,0.03533005714416504,1.0116550922393799
28,5825.481414169102,6509.014658809607,0.03493762016296387,1.046891689300537
29,5960.44099347135,6474.662190047855,0.03640890121459961,1.0835227966308594
30,5880.810057064797,6563.926127060068,0.034751176834106445,1.118649959564209
31,5910.376186174907,6455.916580869169,0.035344839096069336,1.1542682647705078
32,5798.335920977408,6403.159477177407,0.03466987609863281,1.189300298690796
33,5990.811498504721,6382.36291313897,0.03494620323181152,1.2245151996612549
34,5917.890750440482,6449.677139235803,0.03490400314331055,1.2597439289093018
35,5987.298564467809,6570.75916618601,0.035106658935546875,1.2950868606567383
36,5880.810057064797,6428.482081259315,0.03501152992248535,1.3304486274719238
37,5923.766406975492,6364.565612730943,0.036260128021240234,1.367093563079834
38,5737.004757835528,6523.022304196286,0.03577733039855957,1.4031729698181152
39,5860.1856648275025,6448.486996277124,0.03615069389343262,1.439666509628296
40,5817.966597985349,6515.733576238451,0.034861087799072266,1.4749233722686768
41,5934.474937064293,6499.844390891176,0.03479170799255371,1.5099668502807617
42,5928.947375655139,6544.71686512955,0.03478050231933594,1.5450286865234375
43,5953.322824210097,6526.076564504325,0.035169124603271484,1.5804369449615479
44,5839.80225252971,6457.2838463417975,0.034631967544555664,1.6155056953430176
45,5953.190905794579,6482.163946386301,0.03506970405578613,1.6509394645690918
46,5749.429953748114,6446.341156914844,0.03493022918701172,1.6861305236816406
47,5816.635694242082,6541.373891463723,0.03528594970703125,1.7217276096343994
48,5929.438893132257,6527.51960218559,0.034919023513793945,1.7570600509643555
49,5960.44099347135,6554.636732298062,0.035306692123413086,1.7926745414733887
50,5864.065322244655,6463.406381948339,0.034713029861450195,1.8276338577270508
51,5909.568820396944,6577.145637737565,0.037832021713256836,1.865976333618164
52,5816.635694242082,6536.337952760452,0.03499245643615723,1.9014041423797607
53,5816.635694242082,6508.440271786356,0.038812875747680664,1.940603494644165
54,5880.810057064797,6547.605199223404,0.03489112854003906,1.975860595703125
55,5824.664386849141,6595.232024398585,0.034967660903930664,2.0111284255981445
56,5988.412791789665,6556.636571127713,0.03481864929199219,2.046192169189453
57,5774.628547043283,6479.513139290402,0.03679060935974121,2.08327579498291
58,5737.004757835528,6498.741981396622,0.03498959541320801,2.118659257888794
59,5821.912541125375,6559.045549328372,0.03519296646118164,2.1541976928710938
60,5737.004757835528,6494.734734964901,0.034982919692993164,2.1894943714141846
61,5845.755013682163,6522.875871536787,0.03522825241088867,2.225144624710083
62,5887.470143302792,6593.864671676372,0.034749746322631836,2.260277271270752
63,5840.479274100755,6497.907700682234,0.0366058349609375,2.297241449356079
64,5951.621510459516,6543.266309328588,0.03525519371032715,2.3328418731689453
65,5737.004757835528,6429.3274130783075,0.03538346290588379,2.3685474395751953
66,5880.810057064797,6450.921181863996,0.03652644157409668,2.4053781032562256
67,5972.604454196622,6550.396659964659,0.03549599647521973,2.4412434101104736
68,5880.810057064797,6312.2244063897415,0.036467552185058594,2.478041172027588
69,5790.830186031356,6504.520295974478,0.03543591499328613,2.5138211250305176
70,5880.810057064797,6552.110667105611,0.0351109504699707,2.5492641925811768
71,5780.55472842095,6514.94948231462,0.03699469566345215,2.5865442752838135
72,5737.004757835528,6500.376819910108,0.03748726844787598,2.624446392059326
73,5737.004757835528,6438.757084584686,0.03562331199645996,2.6604371070861816
74,5859.607922519633,6467.1120450365115,0.03513073921203613,2.695941686630249
75,5887.538620219461,6518.371170777366,0.03600168228149414,2.732283592224121
76,5960.44099347135,6461.995946665536,0.035018205642700195,2.7677338123321533
77,5960.44099347135,6536.158398137733,0.035125017166137695,2.803208589553833
78,6070.442434911275,6591.425813917511,0.03607010841369629,2.839625597000122
79,5969.282745682771,6511.563929602537,0.035626888275146484,2.880422592163086
80,5896.75566510087,6523.45692746215,0.03566336631774902,2.91648268699646
81,5737.004757835528,6513.309776812559,0.03605198860168457,2.95285701751709
82,5737.004757835528,6496.393992061534,0.034912824630737305,2.988198757171631
83,5737.004757835528,6372.545555833634,0.036264896392822266,3.024726629257202
84,5824.000446936352,6473.747475311398,0.03628277778625488,3.0613951683044434
85,5880.810057064797,6382.032470687575,0.0351862907409668,3.096964120864868
86,5880.810057064797,6558.5852668996,0.0357663631439209,3.1330792903900146
87,5737.004757835528,6426.443661044381,0.035262107849121094,3.168729066848755
88,5756.7001197173195,6582.441596854005,0.03506588935852051,3.204124689102173
89,5821.702208236941,6473.929719100768,0.03652667999267578,3.2409164905548096
90,5789.642147738626,6488.329274775166,0.03520393371582031,3.276555061340332
91,5947.871306874638,6470.153859979482,0.035280704498291016,3.312202215194702
92,5834.159700050831,6445.382118055134,0.03558039665222168,3.3481054306030273
93,5864.065322244655,6477.896914660613,0.035738468170166016,3.3841755390167236
94,5830.506727273311,6520.316685762647,0.036176443099975586,3.420663595199585
95,5980.857719876846,6511.480075431927,0.034874677658081055,3.455793619155884
96,5978.1953916312905,6577.084431073328,0.03493356704711914,3.4910552501678467
97,5915.04162037691,6563.813421599029,0.03561544418334961,3.527019739151001
98,5990.811498504721,6587.919494841656,0.0353388786315918,3.5627074241638184
99,5821.666386824741,6447.096531549977,0.03511404991149902,3.5981950759887695
100,5840.479274100755,6571.534704188526,0.03496098518371582,3.633455991744995
101,5780.55472842095,6564.611343839355,0.036824703216552734,3.6706855297088623
102,5933.447446967894,6409.496175625275,0.03482627868652344,3.70592999458313
103,5737.004757835528,6509.9995255089625,0.03515934944152832,3.7414393424987793
104,5973.585058943214,6480.664042351594,0.034905195236206055,3.776698589324951
105,5766.690381993285,6537.065314091593,0.035157203674316406,3.812141180038452
106,5737.004757835528,6524.916079649881,0.03509092330932617,3.847599744796753
107,5863.626563444118,6488.111854673009,0.035056114196777344,3.8830103874206543
108,5936.273748337499,6520.568667760263,0.035158395767211914,3.918487787246704
109,5880.810057064797,6505.233649407558,0.03506016731262207,3.953900098800659
110,6017.468378799266,6568.070718503932,0.03484392166137695,3.9890265464782715
111,6009.06982953881,6548.691529290292,0.03505754470825195,4.024419069290161
112,5840.479274100755,6547.922542751017,0.0369720458984375,4.061661958694458
113,5880.810057064797,6381.595158295842,0.034981727600097656,4.097027778625488
114,5780.55472842095,6411.603240309345,0.03487801551818848,4.132221460342407
115,5880.810057064797,6492.488872649826,0.03526639938354492,4.167750597000122
116,5957.341077165061,6471.226225392667,0.03482365608215332,4.202875137329102
117,5864.065322244655,6481.885645684037,0.0352175235748291,4.238329172134399
118,5872.287138106786,6436.6267697483745,0.035562753677368164,4.274184465408325
119,5840.479274100755,6510.36744713292,0.03498482704162598,4.309552192687988
120,5880.810057064797,6435.787843231236,0.03472399711608887,4.344550371170044
121,5816.635694242082,6474.155326399818,0.03526496887207031,4.380182981491089
122,5887.470143302792,6443.225336188883,0.03463912010192871,4.415107011795044
123,5816.635694242082,6471.433537646118,0.03607583045959473,4.4514243602752686
124,5837.821055233392,6602.020934353236,0.03514456748962402,4.486875057220459
125,5870.461122437909,6585.706760143639,0.03516387939453125,4.522366762161255
126,5873.552720999942,6451.028108004239,0.03505420684814453,4.557765007019043
127,5821.555487546636,6452.680137390712,0.03637576103210449,4.594439506530762
128,5870.461122437909,6543.242097588843,0.03484773635864258,4.629666090011597
129,5926.358826098111,6490.30229284782,0.035330772399902344,4.665333032608032
130,5887.470143302792,6563.916101441794,0.035059452056884766,4.700770139694214
131,5960.44099347135,6558.88902140351,0.03506278991699219,4.736125469207764
132,5790.830186031356,6492.8682719830995,0.03494429588317871,4.7713093757629395
133,5877.710140758507,6437.674299632895,0.03510284423828125,4.806771278381348
134,5781.17310667405,6435.545745932783,0.03492927551269531,4.842066526412964
135,5864.065322244655,6537.156708940969,0.0360255241394043,4.8784873485565186
136,5860.1856648275025,6455.706188285259,0.03553485870361328,4.914403915405273
137,5816.635694242082,6506.6825428178345,0.034955501556396484,4.949713230133057
138,5990.811498504721,6464.91846325525,0.034719228744506836,4.9847412109375
139,5898.744285648418,6459.974844098763,0.0358426570892334,5.021124362945557
140,5853.961922102502,6499.365576696332,0.03616070747375488,5.0576171875
141,5802.137296399754,6498.80850046915,0.03539848327636719,5.093347787857056
142,5939.8055723891,6400.811725681852,0.03524351119995117,5.128964424133301
143,5974.022586450349,6575.098633951361,0.03512978553771973,5.1644651889801025
144,5850.8620057962125,6470.957615591196,0.034902334213256836,5.199726819992065
145,5903.40130109519,6550.368018728174,0.03559446334838867,5.235621929168701
146,5881.773191348584,6469.794798352153,0.03506064414978027,5.271010398864746
147,5874.339598140038,6417.908781425021,0.03584408760070801,5.307204961776733
148,5880.810057064797,6510.347434030132,0.03637886047363281,5.343904972076416
149,5737.004757835528,6453.0496842461025,0.03522372245788574,5.379525184631348
150,5789.642147738626,6414.091988642919,0.03496551513671875,5.414789199829102
151,5860.1856648275025,6384.826420606117,0.03873634338378906,5.4540114402771
152,5920.110210507309,6456.433779399252,0.03516244888305664,5.48970890045166
153,5784.064103954234,6368.591826192693,0.03507208824157715,5.525144577026367
154,5737.004757835528,6548.484391291282,0.03528261184692383,5.560710668563843
155,5881.773191348584,6551.792516546678,0.03582143783569336,5.5969767570495605
156,5796.058941919286,6562.106326879281,0.03525853157043457,5.632499933242798
157,5900.24187942497,6543.140165346349,0.035292863845825195,5.6681365966796875
158,5886.72147427391,6454.892550195497,0.03527545928955078,5.703674077987671
159,5926.358826098111,6494.158036880732,0.03523969650268555,5.739301443099976
160,5809.0146092278765,6439.178306904164,0.03635287284851074,5.775940179824829
161,5880.810057064797,6446.29868792356,0.03510618209838867,5.81138277053833
162,5817.629433235261,6518.721728545788,0.03519082069396973,5.84694766998291
163,5750.004248696848,6583.128028477067,0.036353349685668945,5.883721351623535
164,5816.227855590093,6447.488158346226,0.03484845161437988,5.9189159870147705
165,5880.810057064797,6473.352337107011,0.0361323356628418,5.955437660217285
166,5910.419712905657,6382.978016970622,0.035372257232666016,5.991126775741577
167,5860.1746359825465,6457.968279526436,0.03504347801208496,6.026555061340332
168,5880.810057064797,6528.822815339837,0.03530311584472656,6.06216287612915
169,5737.004757835528,6406.874353589254,0.03589820861816406,6.099086046218872
170,5880.810057064797,6465.097156145064,0.03493762016296387,6.134371280670166
171,5840.479274100755,6552.584333278059,0.03504228591918945,6.169707536697388
172,5737.004757835528,6536.701235741892,0.03492140769958496,6.204938888549805
173,5781.3356038607,6444.318961441813,0.03664374351501465,6.24213981628418
174,5798.335920977408,6585.626112843605,0.03600502014160156,6.278541326522827
175,5780.628735609254,6460.80912872532,0.035315513610839844,6.314594984054565
176,5780.55472842095,6544.96891517341,0.03487253189086914,6.349869966506958
177,5761.629056181964,6501.523684418564,0.035317420959472656,6.385810613632202
178,5840.479274100755,6465.167636544226,0.03555488586425781,6.422050476074219
179,5898.749430458796,6557.169408796845,0.03559756278991699,6.4582343101501465
180,5737.004757835528,6506.94059750601,0.035802602767944336,6.49464750289917
181,5875.275439940483,6485.112633843988,0.035860300064086914,6.531175136566162
182,5880.810057064797,6542.690866043725,0.03506970405578613,6.566847562789917
183,5877.710140758507,6529.279291343829,0.035141706466674805,6.602514266967773
184,5823.194673894214,6471.538498455036,0.03530621528625488,6.638406753540039
185,5967.169556626014,6495.325536365364,0.03574872016906738,6.674771785736084
186,5854.384022427552,6440.077735429088,0.035199880599975586,6.710570335388184
187,5887.538620219461,6457.850354795527,0.03530001640319824,6.746438264846802
188,5880.810057064797,6578.76807946141,0.03520822525024414,6.782246112823486
189,5720.345788173042,6378.189599074761,0.03558683395385742,6.818456172943115
190,5750.004248696848,6405.618939950462,0.035842180252075195,6.85491156578064
191,5821.702208236941,6592.238852463452,0.03527188301086426,6.890798330307007
192,5951.722483868296,6474.149501375658,0.0351564884185791,6.92655873298645
193,5990.811498504721,6592.936388923455,0.035711050033569336,6.96278190612793
194,5990.811498504721,6541.395185241883,0.03606605529785156,6.999473333358765
195,5990.811498504721,6584.573874938082,0.03581857681274414,7.036121845245361
196,5880.672980856517,6489.7187904986995,0.03518056869506836,7.071918964385986
197,5737.004757835528,6459.2943248838765,0.0356144905090332,7.108123302459717
198,5936.283747640839,6488.959669225363,0.03495144844055176,7.143698453903198
199,5926.959714198945,6393.658008023031,0.03652191162109375,7.180636644363403
200,5737.004757835528,6430.268322388774,0.034789323806762695,7.215884685516357
201,5860.966540267253,6499.3884424525395,0.035680532455444336,7.25208306312561
202,5990.811498504721,6557.204910427079,0.03527569770812988,7.287967920303345
203,5928.947375655139,6491.328719170124,0.03568911552429199,7.324237108230591
204,5854.384022427552,6499.162412607524,0.03497648239135742,7.359832048416138
205,5928.947375655139,6586.319794079518,0.03567099571228027,7.396044492721558
206,5802.137296399754,6435.720731889401,0.03487133979797363,7.4314961433410645
207,5880.810057064797,6528.0341100001115,0.03515195846557617,7.467055559158325
208,5833.972993763797,6476.388910210464,0.03530073165893555,7.502620458602905
209,5863.695040360787,6452.027644312784,0.03484177589416504,7.537817478179932
210,5824.664386849141,6462.828791602123,0.03521537780761719,7.573326826095581
211,5821.450011744656,6484.565364897143,0.03517508506774902,7.610045433044434
212,5730.335980311921,6351.731486684654,0.03535962104797363,7.645714282989502
213,5928.947375655139,6476.924843924761,0.03536272048950195,7.681419849395752
214,5783.995627037565,6427.187092167598,0.035346269607543945,7.717008113861084
215,5971.759625859568,6557.637760070197,0.03527379035949707,7.752654075622559
216,5961.532606099438,6536.482811462605,0.03531217575073242,7.788248062133789
217,5840.479274100755,6459.4851638012915,0.03574514389038086,7.8242809772491455
218,5923.21428671962,6526.798385269551,0.034956932067871094,7.859609842300415
219,5958.964595420878,6598.054906623833,0.0350034236907959,7.894956588745117
220,5824.664386849141,6536.670562946238,0.0353851318359375,7.930666446685791
221,5816.635694242082,6400.144606237758,0.03515744209289551,7.966201305389404
222,5737.004757835528,6435.594410608276,0.03490042686462402,8.001379013061523
223,5990.811498504721,6540.3192052159375,0.03835463523864746,8.039981603622437
224,5959.924155379138,6558.310274987535,0.03657388687133789,8.076987504959106
225,5862.8400374237035,6498.926694557159,0.035610198974609375,8.11318325996399
226,5860.1856648275025,6518.883868904927,0.035137176513671875,8.148675203323364
227,5880.810057064797,6551.160383955136,0.0357823371887207,8.184864282608032
228,5960.44099347135,6447.2752233201745,0.03504443168640137,8.220276355743408
229,5853.961922102502,6482.875311210704,0.035599470138549805,8.25621223449707
230,5840.479274100755,6478.877115906242,0.03486990928649902,8.291456699371338
231,5990.811498504721,6475.436376475604,0.03514528274536133,8.326951026916504
232,5833.1921183240465,6382.801858530376,0.036859750747680664,8.364193677902222
233,5780.55472842095,6476.509022489452,0.03525233268737793,8.399900197982788
234,5827.036332231784,6422.489338516766,0.0350651741027832,8.435341119766235
235,5880.810057064797,6577.213659258107,0.03681159019470215,8.472521781921387
236,5880.810057064797,6527.637831672743,0.03516983985900879,8.508934259414673
237,5880.810057064797,6554.017783263785,0.0350642204284668,8.544384241104126
238,5880.810057064797,6456.08483143711,0.036969900131225586,8.581690073013306
239,5889.027853138939,6370.981217179328,0.035663604736328125,8.61800241470337
240,5772.604189358004,6511.051056105397,0.03490281105041504,8.653318643569946
241,5919.571963063075,6453.925639588257,0.03532075881958008,8.688973426818848
242,5850.8620057962125,6441.846931181707,0.03542613983154297,8.724771976470947
243,5956.824239072848,6473.147436534673,0.03715252876281738,8.762338638305664
244,5840.479274100755,6356.6751080141075,0.03688836097717285,8.79958987236023
245,5920.110210507309,6539.90601976218,0.03574085235595703,8.835761785507202
246,5953.0488806793555,6468.222008941272,0.03605341911315918,8.8722083568573
247,5840.479274100755,6434.977815998887,0.03943991661071777,8.912062644958496
248,5816.635694242082,6489.110164613524,0.03643918037414551,8.949059247970581
249,5960.44099347135,6515.251437641738,0.03535175323486328,8.985284805297852
250,5880.810057064797,6442.492089077857,0.03539085388183594,9.021274328231812
251,5868.8243544797215,6496.944509638997,0.036984920501708984,9.05906867980957
252,5880.810057064797,6440.2056139696015,0.035726070404052734,9.095424175262451
253,5737.004757835528,6501.360740391142,0.03570151329040527,9.131759881973267
254,5960.44099347135,6492.489507595355,0.03519916534423828,9.16767144203186
255,5877.710140758507,6439.1198589994,0.03586316108703613,9.204141855239868
256,5923.368523930593,6412.058538506368,0.03557014465332031,9.240212678909302
257,5802.137296399754,6439.727544439144,0.035135746002197266,9.275941610336304
258,5864.065322244655,6512.041698533388,0.03494071960449219,9.311473369598389
259,5901.297323231294,6517.558752627195,0.03634190559387207,9.348424434661865
260,5880.810057064797,6459.9074417740585,0.03477978706359863,9.38384461402893
261,5880.810057064797,6487.692103134527,0.03539633750915527,9.419625520706177
262,5821.1307998694865,6412.030895065634,0.04092121124267578,9.461161613464355
263,5939.0502073233065,6435.013620305629,0.041300296783447266,9.502920150756836
264,5897.662219265753,6498.525679516039,0.03575491905212402,9.539098978042603
265,5877.710140758507,6479.0971908124875,0.036116838455200195,9.575589418411255
266,5840.479274100755,6451.156243180131,0.03618288040161133,9.612353801727295
267,5823.194673894214,6540.020219318942,0.03556203842163086,9.64857292175293
268,5990.811498504721,6550.727859869065,0.036589860916137695,9.685800075531006
269,5737.004757835528,6519.8208944671815,0.03568911552429199,9.722140073776245
270,5709.329298308591,6500.6142723649355,0.03570818901062012,9.75852108001709
271,5960.44099347135,6479.435726378453,0.035825490951538086,9.794951438903809
272,5786.542813952187,6512.495116516755,0.04622077941894531,9.84183382987976
273,5904.05317791131,6490.870992892987,0.035805702209472656,9.878063678741455
274,5968.422414279143,6485.048505560029,0.035826683044433594,9.914493799209595
275,5840.479274100755,6476.957534154346,0.03637409210205078,9.95147967338562
276,5839.496187253568,6441.191713497676,0.036036014556884766,9.988120794296265
277,5990.811498504721,6497.7317591317105,0.035485267639160156,10.024019479751587
278,5816.635694242082,6537.091868538579,0.03581547737121582,10.06043291091919
279,5973.585058943214,6533.063960282996,0.03563642501831055,10.096482038497925
280,5940.597216164345,6505.225513204462,0.03602766990661621,10.133116245269775
281,5770.557283991117,6606.803405442714,0.03758978843688965,10.171407461166382
282,5784.131111150573,6529.748734416037,0.03914237022399902,10.21127700805664
283,5780.55472842095,6535.664181935646,0.03544139862060547,10.247334718704224
284,5854.0574348082655,6521.817371922978,0.03545951843261719,10.283178329467773
285,5840.479274100755,6382.570058249586,0.036179542541503906,10.319743871688843
286,5737.004757835528,6419.78448599572,0.035654544830322266,10.355743885040283
287,5864.065322244655,6492.2250061215345,0.03530550003051758,10.391399383544922
288,5873.329730299366,6409.271937144737,0.03550386428833008,10.427214860916138
289,5880.810057064797,6556.443584343419,0.03543543815612793,10.462980270385742
290,5880.810057064797,6504.9124442147995,0.03536534309387207,10.498704671859741
291,5840.479274100755,6484.312058272743,0.03562188148498535,10.53471064567566
292,5912.395625527533,6415.862823014426,0.0367579460144043,10.57187294960022
293,5837.821055233392,6394.867659651372,0.034979820251464844,10.607455730438232
294,5670.990505721478,6423.059639896733,0.03525114059448242,10.64303183555603
295,5756.7001197173195,6470.885541840922,0.03543233871459961,10.678832769393921
296,5887.339089001357,6455.452858017845,0.03503131866455078,10.714254379272461
297,5960.44099347135,6499.165720278733,0.03540492057800293,10.750028133392334
298,5880.810057064797,6505.067760706086,0.03525733947753906,10.785678386688232
299,5802.137296399754,6432.856940686162,0.03700542449951172,10.822957277297974
300,5886.72147427391,6525.958814252448,0.03533029556274414,10.858669757843018
301,5840.479274100755,6450.831062137802,0.03904080390930176,10.898203611373901
302,5960.44099347135,6491.802759098797,0.03488278388977051,10.93375539779663
303,5921.561983281351,6472.401815423812,0.0351104736328125,10.96929407119751
304,5846.774633452055,6526.554000090069,0.03722071647644043,11.00687026977539
305,5875.311791949015,6500.727833888727,0.03516411781311035,11.042461633682251
306,5926.358826098111,6554.451597480182,0.03692317008972168,11.079750537872314
307,5816.635694242082,6508.060989631281,0.035677194595336914,11.11606240272522
308,5880.810057064797,6523.635995214847,0.0351872444152832,11.151644945144653
309,5909.568820396944,6435.326224426568,0.036780357360839844,11.18876028060913
310,5880.810057064797,6422.859515865458,0.03499317169189453,11.22417426109314
311,5828.03559095342,6542.931766033942,0.04657268524169922,11.271046161651611
312,5864.065322244655,6454.205828620534,0.04895830154418945,11.320417642593384
313,5877.710140758507,6616.7191580818535,0.05832934379577637,11.37920618057251
314,5780.55472842095,6450.299362150383,0.057292938232421875,11.437026023864746
315,5864.065322244655,6498.061155827853,0.0507814884185791,11.48847770690918
316,5835.773037186528,6493.6159854801135,0.04868149757385254,11.537637710571289
317,5802.137296399754,6402.015376137947,0.04815316200256348,11.586254835128784
318,5840.479274100755,6453.10991319851,0.04779767990112305,11.634519338607788
319,5802.137296399754,6523.628525630981,0.048397064208984375,11.683530569076538
320,5749.429953748114,6389.56075337005,0.04768800735473633,11.73180079460144
321,5677.68637674195,6522.916739600385,0.04721188545227051,11.779959917068481
322,5880.810057064797,6384.582744187476,0.04523038864135742,11.825870037078857
323,5926.358826098111,6471.051455385144,0.04625129699707031,11.872755765914917
324,5877.710140758507,6418.186426323748,0.04688262939453125,11.920084476470947
325,5817.629433235261,6511.827807434091,0.047669410705566406,11.968571662902832
326,5928.947375655139,6550.8075870994,0.04945540428161621,12.018603324890137
327,5874.339598140038,6482.023319489302,0.04463958740234375,12.063897371292114
328,5819.538133731096,6406.458627285522,0.04878115653991699,12.11317777633667
329,5927.909211326967,6409.979188417674,0.046480655670166016,12.16017770767212
330,5880.810057064797,6498.687942136432,0.0467529296875,12.20766282081604
331,5784.064103954234,6585.779009296851,0.04990863800048828,12.258234024047852
332,5929.438893132257,6463.071983756956,0.04349374771118164,12.302202463150024
333,5850.8620057962125,6422.590748561059,0.04300093650817871,12.345916986465454
334,5780.55472842095,6373.155956344541,0.04389524459838867,12.390275955200195
335,5926.358826098111,6414.166434037856,0.04327654838562012,12.434202432632446
336,5832.807144675168,6455.300475389423,0.044191837310791016,12.47903037071228
337,5928.947375655139,6540.9844347569915,0.044325828552246094,12.524016618728638
338,5880.810057064797,6538.671906422499,0.04621624946594238,12.570669889450073
339,5816.227855590093,6467.651384896703,0.04386329650878906,12.614993810653687
340,5805.2372127060435,6479.927054655268,0.04314160346984863,12.658806324005127
341,5816.635694242082,6530.969560695181,0.043996572494506836,12.703267812728882
342,5940.178758738233,6478.749398147572,0.04222249984741211,12.745878458023071
343,5931.667828264665,6452.070281088211,0.04495954513549805,12.791308879852295
344,5812.803814573818,6434.997459917763,0.04278707504272461,12.834527730941772
345,5657.991014860159,6321.745849682264,0.047277212142944336,12.88227105140686
346,5874.339598140038,6490.145862024873,0.04316902160644531,12.926104068756104
347,5783.995627037565,6451.938569313406,0.04471611976623535,12.971230506896973
348,5817.629433235261,6500.537176001471,0.04401707649230957,13.015694856643677
349,5990.811498504721,6586.381828373804,0.044484853744506836,13.060845613479614
350,5943.696258651208,6596.634715014193,0.04413723945617676,13.106724500656128
351,5780.55472842095,6521.051478024744,0.0473024845123291,13.154822826385498
352,5737.621951266713,6422.863055588601,0.0428624153137207,13.198376417160034
353,5780.55472842095,6530.428892155625,0.04221916198730469,13.24101972579956
354,5904.322893228573,6629.400351185766,0.04441237449645996,13.285787105560303
355,5802.137296399754,6501.150206137519,0.04261445999145508,13.32882833480835
356,5737.004757835528,6582.7194643256325,0.04589033126831055,13.37505316734314
357,5737.004757835528,6557.822742513731,0.055722713470458984,13.43121337890625
358,5990.811498504721,6567.935706452948,0.06037306785583496,13.492170333862305
359,5917.890750440482,6553.523158631904,0.050020694732666016,13.542723178863525
360,5829.809061745309,6461.484345526032,0.04436469078063965,13.587457656860352
361,5840.479274100755,6510.691706268242,0.042255401611328125,13.63038945198059
362,5837.821055233392,6489.019616335635,0.04373288154602051,13.674561262130737
363,5973.585058943214,6562.914983863954,0.042723894119262695,13.717716455459595
364,5960.44099347135,6516.494732968435,0.04448199272155762,13.76259708404541
365,5937.558600636039,6540.272900097254,0.045212745666503906,13.808249950408936
366,5877.710140758507,6442.082765898148,0.0449678897857666,13.853902578353882
367,5920.110210507309,6466.586605128091,0.04186201095581055,13.896331548690796
368,5790.830186031356,6452.180972702439,0.04670381546020508,13.943339347839355
369,6017.468378799266,6561.159457858798,0.042328834533691406,13.986106634140015
370,5816.635694242082,6462.325472223853,0.04409480094909668,14.030584335327148
371,5877.710140758507,6628.190990461529,0.04364824295043945,14.074663162231445
372,5833.483824896021,6522.383819360419,0.045119285583496094,14.120438575744629
373,5761.629056181964,6500.31166657186,0.0431218147277832,14.164142370223999
374,5810.5255479131465,6527.07085189893,0.04417157173156738,14.209100723266602
375,5880.810057064797,6549.11750569913,0.044412851333618164,14.25402283668518
376,5973.585058943214,6583.197982323594,0.04492807388305664,14.299433708190918
377,5943.696258651208,6616.414710194378,0.04466080665588379,14.3445565700531
378,5990.811498504721,6524.38896282557,0.0443878173828125,14.38944935798645
379,5737.004757835528,6430.0809793525395,0.04432797431945801,14.434235572814941
380,5737.004757835528,6533.875433354579,0.04648995399475098,14.481187343597412
381,5841.624033395776,6567.211012392504,0.045560359954833984,14.527261734008789
382,5924.768756657531,6577.1899194327825,0.04442095756530762,14.572332620620728
383,5784.131111150573,6498.944627991642,0.043393611907958984,14.61618709564209
384,5986.337800115873,6515.8162134867625,0.042845964431762695,14.659725666046143
385,5990.811498504721,6499.248995586771,0.04358720779418945,14.703754663467407
386,5880.810057064797,6482.957842073097,0.04445505142211914,14.748755931854248
387,5798.335920977408,6474.165523936008,0.04473543167114258,14.793982028961182
388,5960.44099347135,6556.767531628969,0.042560577392578125,14.837025165557861
389,5989.086303575502,6527.606960681068,0.04477977752685547,14.882299184799194
390,5929.257928855036,6439.824923459665,0.04348254203796387,14.926409721374512
391,5737.004757835528,6478.781152899964,0.043808937072753906,14.970725297927856
392,5880.810057064797,6521.75169971831,0.043684959411621094,15.01514196395874
393,5913.185212234776,6538.783255592932,0.043981075286865234,15.059589624404907
394,5843.7375875240405,6493.348811871257,0.046335697174072266,15.106306791305542
395,5670.990505721478,6479.915838868269,0.06012105941772461,15.167104959487915
396,5887.470143302792,6426.563811609134,0.05823063850402832,15.225886344909668
397,5884.660984127636,6495.393699413038,0.043598175048828125,15.270110607147217
398,5921.461744382818,6414.48081112671,0.04225873947143555,15.312811613082886
399,5840.479274100755,6541.063189113567,0.043430328369140625,15.356673002243042
400,5860.1856648275025,6418.661404415154,0.04366254806518555,15.401086568832397
401,5952.819908457145,6626.250287296062,0.04853010177612305,15.450434923171997
402,5990.811498504721,6534.788494317076,0.04536843299865723,15.496436357498169
403,5960.44099347135,6505.068509213667,0.046851158142089844,15.543943166732788
404,5951.722483868296,6606.348862260469,0.04717421531677246,15.591896533966064
405,5880.810057064797,6527.149278745591,0.04398632049560547,15.636537551879883
406,5783.995627037565,6470.077942096758,0.04338431358337402,15.680604696273804
407,5924.924528009883,6575.080398463283,0.04435133934020996,15.725513696670532
408,5872.607413380952,6540.335119346652,0.04551815986633301,15.771647691726685
409,5967.539838509882,6517.93124762214,0.04777169227600098,15.820096969604492
410,5816.635694242082,6435.467284649362,0.046515703201293945,15.867340326309204
411,5779.976986113079,6487.687254120891,0.04599618911743164,15.91392970085144
412,5908.7180346541845,6484.02990183866,0.04508852958679199,15.959649562835693
413,5845.326790179445,6544.934204678094,0.046743154525756836,16.007097482681274
414,5952.116945541616,6490.288805044815,0.06023764610290527,16.06777787208557
415,5802.133602218371,6461.552280269472,0.04034090042114258,16.108556985855103
416,5880.810057064797,6457.697500214683,0.03569173812866211,16.144702911376953
417,5990.811498504721,6542.056462396176,0.03599953651428223,16.18112087249756
418,5670.990505721478,6491.069332293158,0.03890514373779297,16.22048592567444
419,5897.260369641814,6532.423309109383,0.03705620765686035,16.25804901123047
420,5747.213164336008,6418.193716702284,0.0354459285736084,16.293936729431152
421,5952.819908457145,6630.3312882036225,0.0360257625579834,16.330353260040283
422,5968.780941873082,6542.759599406401,0.03529000282287598,16.366295337677002
423,5860.1856648275025,6540.131801896092,0.03529024124145508,16.40230917930603
424,5821.702208236941,6532.75615173564,0.03535938262939453,16.438299894332886
425,5974.6519570843775,6458.713223368783,0.03521132469177246,16.473920345306396
426,5990.811498504721,6471.270413039187,0.03571200370788574,16.5102322101593
427,5840.479274100755,6425.463493608917,0.03585338592529297,16.54688811302185
428,5990.811498504721,6599.061294788727,0.03565716743469238,16.58291220664978
429,5967.101079709345,6638.655449348687,0.03549456596374512,16.61898374557495
430,5877.710140758507,6564.14920078447,0.036789655685424805,16.656400203704834
431,5920.110210507309,6527.7106693663345,0.035289764404296875,16.692307949066162
432,5880.810057064797,6497.546994110032,0.0365903377532959,16.729365348815918
433,5819.327771896383,6513.938633474867,0.03519916534423828,16.765092849731445
434,5844.1186482129815,6525.3293447270735,0.03636312484741211,16.801843881607056
435,5958.964595420878,6552.537380595824,0.038022518157958984,16.840248584747314
436,5865.103572447191,6423.45193211571,0.035245418548583984,16.876129150390625
437,5958.321282813121,6592.042249952001,0.03540682792663574,16.911925792694092
438,5730.49847749857,6540.963288737117,0.03642749786376953,16.94873881340027
439,5784.064103954234,6501.136384969182,0.03661489486694336,16.985751390457153
440,5823.194673894214,6573.672005593396,0.03624773025512695,17.022384881973267
441,5730.49847749857,6497.50745813739,0.03540825843811035,17.058379650115967
442,5920.419256925771,6498.562999087792,0.03547191619873047,17.094366312026978
443,5737.004757835528,6463.568306252408,0.03548932075500488,17.13043475151062
444,5840.479274100755,6504.076131663086,0.036618709564208984,17.167423248291016
445,5840.479274100755,6478.411091042005,0.0354762077331543,17.203309059143066
446,5848.972188565134,6384.712630742453,0.03518247604370117,17.239116668701172
447,5877.966857383962,6484.037361082484,0.03673148155212402,17.27621626853943
448,5846.321318399839,6499.673170921612,0.0351865291595459,17.31180500984192
449,5887.538620219461,6434.675197464785,0.03650259971618652,17.348690509796143
450,5875.275439940483,6445.24109022607,0.03564095497131348,17.38473629951477
451,5973.585058943214,6550.55185677269,0.03559446334838867,17.420807600021362
452,5974.022586450349,6410.546882124875,0.03526496887207031,17.456467628479004
453,5783.995627037565,6338.687065377303,0.03544425964355469,17.49246382713318
454,5880.810057064797,6421.719575325847,0.0352473258972168,17.52810001373291
455,5862.841239716388,6470.191823137077,0.03523588180541992,17.563730001449585
456,5840.479274100755,6388.690886635407,0.035108089447021484,17.599469661712646
457,5874.339598140038,6439.089128048083,0.03552079200744629,17.63547682762146
458,5889.027853138939,6485.318082033281,0.03504371643066406,17.67092800140381
459,5864.065322244655,6440.158405952444,0.03578829765319824,17.70713710784912
460,5859.298537055261,6518.1785564487245,0.03532814979553223,17.743106603622437
461,5860.5478223316795,6440.279515218887,0.035202980041503906,17.77890133857727
462,5843.7375875240405,6417.4721140081165,0.0362706184387207,17.815556049346924
463,5802.137296399754,6402.915687260387,0.03655815124511719,17.852449655532837
464,5833.972993763797,6384.14432420072,0.03494143486022949,17.887827157974243
465,5928.947375655139,6407.590407456304,0.0364985466003418,17.924718618392944
466,5880.810057064797,6496.517808158008,0.035768985748291016,17.960873126983643
467,6017.468378799266,6491.705839731269,0.037333011627197266,17.99858784675598
468,5880.810057064797,6507.56832021289,0.035094261169433594,18.034088134765625
469,5952.819908457145,6494.058250408172,0.03550219535827637,18.070033073425293
470,5860.1856648275025,6477.010809112851,0.03576993942260742,18.106239795684814
471,5880.810057064797,6581.145062286481,0.03692054748535156,18.14351797103882
472,5816.635694242082,6514.537369980061,0.03565096855163574,18.17964792251587
473,5780.55472842095,6474.425703746275,0.0360872745513916,18.216153144836426
474,5905.895915262037,6543.535084222879,0.03648066520690918,18.253656148910522
475,5880.810057064797,6526.737902952123,0.0370173454284668,18.291099071502686
476,5963.8920790611555,6547.194157842668,0.03602957725524902,18.32750153541565
477,5886.72147427391,6519.4861100463595,0.03681540489196777,18.364718675613403
478,5880.810057064797,6536.71081418394,0.03535819053649902,18.400723695755005
479,5877.710140758507,6498.591011761622,0.03505373001098633,18.436429023742676
480,5850.8620057962125,6418.012993564193,0.03662300109863281,18.473451614379883
481,5954.353627311612,6534.570900058651,0.03545355796813965,18.50953507423401
482,5880.810057064797,6450.454666473339,0.036684274673461914,18.54663062095642
483,5840.479274100755,6512.263678461821,0.035463809967041016,18.582531213760376
484,5911.931359360411,6504.78000876567,0.03550004959106445,18.61846661567688
485,5939.877319751572,6555.778361685329,0.03552436828613281,18.6546311378479
486,5990.811498504721,6585.05555174839,0.03506112098693848,18.690088510513306
487,5821.702208236941,6473.43260382757,0.036516427993774414,18.727006673812866
488,5737.004757835528,6432.5491052073885,0.03532671928405762,18.762927055358887
489,5737.004757835528,6430.200318314186,0.03549313545227051,18.79883623123169
490,5840.479274100755,6537.510129354816,0.035132646560668945,18.83440661430359
491,5860.1856648275025,6560.515398470062,0.03540205955505371,18.870380401611328
492,5920.110210507309,6451.644437752085,0.03777432441711426,18.908632516860962
493,5893.116664003853,6566.470713321407,0.03510093688964844,18.944115161895752
494,5840.479274100755,6528.649381349662,0.03663349151611328,18.98113250732422
495,5864.065322244655,6510.701654845978,0.0367131233215332,19.01823377609253
496,5840.479274100755,6451.924612857554,0.035180091857910156,19.054027557373047
497,5938.929473461813,6472.363663893214,0.0367586612701416,19.091172456741333
498,5864.065322244655,6429.885079790522,0.03563261032104492,19.12728238105774
499,5960.44099347135,6576.657502227475,0.035366058349609375,19.16327691078186
500,5880.810057064797,6420.413683628005,0.03663134574890137,19.200320720672607
501,5865.103572447191,6466.716797272425,0.036522626876831055,19.237622499465942
502,5864.065322244655,6437.929029828075,0.0352175235748291,19.27324080467224
503,5990.811498504721,6600.165025791074,0.03654956817626953,19.310184001922607
504,5920.110210507309,6556.714722589811,0.03522133827209473,19.345900535583496
505,5877.710140758507,6486.763655211888,0.03691673278808594,19.38321876525879
506,5877.710140758507,6469.625048199843,0.03568768501281738,19.419318199157715
507,5960.44099347135,6423.7825916600505,0.03699302673339844,19.456719160079956
508,5990.811498504721,6476.4906365561465,0.03505730628967285,19.492193937301636
509,5925.591277143828,6471.864405570972,0.0352635383605957,19.528064727783203
510,5826.13842504881,6450.8465060299095,0.03689432144165039,19.565325260162354
511,5761.433323236715,6445.470323509795,0.03546738624572754,19.6012179851532
512,5880.810057064797,6424.903367346939,0.03521609306335449,19.6368510723114
513,5960.44099347135,6530.381164990751,0.0353546142578125,19.67281413078308
514,5849.5044236271,6617.529743620863,0.03694772720336914,19.71014714241028
515,5958.321282813121,6468.07372477516,0.036240577697753906,19.74692988395691
516,5840.479274100755,6474.356780717282,0.035119056701660156,19.782485723495483
517,5986.337800115873,6573.087500183585,0.03676867485046387,19.819587469100952
518,5880.810057064797,6606.64465249716,0.03555417060852051,19.85551357269287
519,5919.582853802958,6465.087903498808,0.035520315170288086,19.89147973060608
520,5840.479274100755,6387.719870850448,0.03511166572570801,19.92698907852173
521,5877.710140758507,6467.156163825762,0.03651285171508789,19.963879108428955
522,5880.810057064797,6526.891891851055,0.035212039947509766,19.999488592147827
523,5821.666386824741,6486.651474366127,0.03550863265991211,20.03538727760315
524,5864.065322244655,6425.4720756525385,0.03631758689880371,20.072147369384766
525,5802.137296399754,6465.579811867045,0.03590059280395508,20.108653783798218
526,5876.058485129062,6580.353771091291,0.03526568412780762,20.144575595855713
527,5973.585058943214,6507.295001086866,0.03510904312133789,20.180071353912354
528,5880.810057064797,6504.235294295914,0.03493809700012207,20.215335607528687
529,5840.479274100755,6413.715326753832,0.03935527801513672,20.255111932754517
530,5737.004757835528,6549.088909312219,0.035303354263305664,20.29085421562195
531,5880.810057064797,6457.5341401283795,0.03555154800415039,20.327003479003906
532,5880.810057064797,6424.581146261678,0.03740549087524414,20.364815950393677
533,5816.635694242082,6515.270039732082,0.03548431396484375,20.40102529525757
534,5756.7001197173195,6457.575551619552,0.037012338638305664,20.43842625617981
535,5896.374977427137,6455.631132454681,0.03528594970703125,20.474138259887695
536,5790.830186031356,6553.131847617608,0.03526496887207031,20.509800910949707
537,5864.065322244655,6478.935300902857,0.03657221794128418,20.546776056289673
538,5840.479274100755,6435.480914738078,0.03518223762512207,20.582334518432617
539,5986.337800115873,6535.36087935813,0.036083221435546875,20.618846893310547
540,5790.830186031356,6438.104942516191,0.03632950782775879,20.65550923347473
541,5784.064103954234,6420.922000528188,0.03523707389831543,20.691362857818604
542,5903.40130109519,6490.218979954675,0.03650975227355957,20.7282772064209
543,5880.810057064797,6458.993745429662,0.035724639892578125,20.76458191871643
544,6070.442434911275,6588.899566839083,0.035178422927856445,20.80012536048889
545,5810.5255479131465,6589.527620382637,0.03558015823364258,20.836092948913574
546,5880.810057064797,6480.102607828189,0.03553605079650879,20.872065544128418
547,5816.635694242082,6509.018136637951,0.035692691802978516,20.908372402191162
548,5946.486328148852,6512.446826289234,0.03655099868774414,20.945278644561768
549,5837.215200074661,6481.159957288436,0.03526878356933594,20.980940103530884
550,5880.810057064797,6481.916016691343,0.03636312484741211,21.01773738861084
551,5981.584765558236,6452.46320189731,0.036150455474853516,21.05442452430725
552,5880.810057064797,6415.940668658868,0.0356898307800293,21.09054946899414
553,5737.004757835528,6409.354031474992,0.03506302833557129,21.12610912322998
554,5990.811498504721,6548.985740405856,0.03679513931274414,21.16330909729004
555,5880.810057064797,6505.565459960754,0.03536868095397949,21.199097156524658
556,6027.689789900369,6540.989771136487,0.03498363494873047,21.23443365097046
557,5856.652811234285,6488.182317213406,0.03656792640686035,21.271655559539795
558,5920.110210507309,6417.58823597673,0.03761553764343262,21.30966830253601
559,5880.810057064797,6456.535805827467,0.03675127029418945,21.346821546554565
560,5823.556685885516,6447.593765733601,0.03510403633117676,21.38237166404724
561,5880.810057064797,6439.888726319659,0.036682844161987305,21.419427156448364
562,5902.334439104943,6462.221422639286,0.035161733627319336,21.4549777507782
563,5952.819908457145,6434.108086869723,0.035071372985839844,21.490434885025024
564,5926.544027848959,6449.611083536043,0.03686165809631348,21.52768564224243
565,5880.810057064797,6464.430678623661,0.03520083427429199,21.563287258148193
566,5840.479274100755,6462.825628809478,0.03728771209716797,21.60097098350525
567,5821.1307998694865,6455.400515327384,0.03538060188293457,21.637031316757202
568,5843.7375875240405,6471.353785102987,0.03502655029296875,21.672642946243286
569,5790.830186031356,6484.513503786645,0.03517031669616699,21.708223581314087
570,5958.964595420878,6406.443239269498,0.03497004508972168,21.74358081817627
571,5821.666386824741,6355.42963468009,0.038031578063964844,21.78200936317444
572,5924.924528009883,6537.421625140378,0.03641510009765625,21.818851947784424
573,5990.811498504721,6535.53150026291,0.03707742691040039,21.85633611679077
574,5737.004757835528,6449.982964244122,0.03550410270690918,21.8924663066864
575,5924.188343420072,6668.789079071156,0.036614418029785156,21.92948603630066
576,5757.492024002026,6602.537795487966,0.035877227783203125,21.965758562088013
577,5829.720876886325,6590.790471807059,0.036715030670166016,22.00290536880493
578,5952.691121612889,6437.478820438282,0.03642702102661133,22.039745807647705
579,5989.437716422162,6574.500962704309,0.03539109230041504,22.075530290603638
580,5968.937105496054,6579.655470637427,0.03578591346740723,22.1117045879364
581,5859.298537055261,6448.25981692292,0.03543353080749512,22.147583961486816
582,5840.479274100755,6534.564380718895,0.03579092025756836,22.18381094932556
583,5840.479274100755,6429.283781214612,0.035637617111206055,22.220020532608032
584,6009.214851217078,6632.430832255673,0.03756308555603027,22.25797152519226
585,5677.861087595473,6603.0945400603805,0.03724169731140137,22.295641899108887
586,5784.131111150573,6529.063894589893,0.03538703918457031,22.331520080566406
587,5737.004757835528,6444.623846798611,0.0368952751159668,22.36887812614441
588,5877.710140758507,6510.426326315673,0.03788352012634277,22.40715789794922
589,5884.103251874481,6540.478981020803,0.03664112091064453,22.444207906723022
590,5783.995627037565,6504.918104062608,0.03653097152709961,22.48114252090454
591,5790.830186031356,6357.049899803089,0.0354762077331543,22.517016887664795
592,5840.479274100755,6535.867320126695,0.03680777549743652,22.554237365722656
593,5951.621510459516,6464.513934112175,0.03693532943725586,22.591552257537842
594,5860.1856648275025,6495.920571928183,0.03554487228393555,22.62771201133728
595,5802.137296399754,6509.833874948286,0.035439491271972656,22.6637442111969
596,5780.55472842095,6479.007541353857,0.03672671318054199,22.700868129730225
597,5873.329730299366,6607.353689460809,0.0369112491607666,22.738245248794556
598,5877.383203611619,6469.950048205908,0.03667283058166504,22.77527379989624
599,5802.137296399754,6497.801671163748,0.0354464054107666,22.811116218566895
600,5821.702208236941,6478.795686315138,0.03655433654785156,22.848100423812866
601,5880.810057064797,6474.916288975561,0.0360112190246582,22.884674072265625
602,6011.853548973493,6474.331141771371,0.03598785400390625,22.92136001586914
603,5880.810057064797,6538.419361506409,0.0355682373046875,22.95732855796814
604,5737.004757835528,6537.04726803706,0.03653216361999512,22.99427366256714
605,5677.861087595473,6461.604729172803,0.03774666786193848,23.03243112564087
606,5737.004757835528,6559.4774600445735,0.035810232162475586,23.068882942199707
607,5737.004757835528,6462.2058611253715,0.03586626052856445,23.10537314414978
608,5833.972993763797,6565.70222130701,0.035135507583618164,23.140907764434814
609,5880.810057064797,6523.9760335333285,0.03671598434448242,23.17802619934082
610,5865.625086417475,6473.712589101222,0.035527706146240234,23.21390390396118
611,5842.72502894675,6468.823273224994,0.03801083564758301,23.252493143081665
612,5880.810057064797,6390.917228994671,0.03682756423950195,23.289758682250977
613,5840.479274100755,6500.800187337089,0.03804779052734375,23.328211069107056
614,5903.40130109519,6542.282882384624,0.03671908378601074,23.36538529396057
615,5864.065322244655,6493.624211471329,0.037809133529663086,23.403620958328247
616,5737.004757835528,6475.51373535374,0.03498077392578125,23.438966274261475
617,5978.337056910129,6513.140793334223,0.03661775588989258,23.475990533828735
618,5840.479274100755,6532.895113942666,0.03552412986755371,23.512065649032593
619,5973.585058943214,6487.773541435094,0.036604881286621094,23.549126386642456
620,5802.493635716649,6496.490991208895,0.036226511001586914,23.585755348205566
621,5816.635694242082,6576.316928706696,0.036194562911987305,23.622358798980713
622,5874.339598140038,6656.652802794685,0.037181854248046875,23.65998148918152
623,5920.110210507309,6475.541743868063,0.0355987548828125,23.696028232574463
624,5894.992339415578,6586.224191191959,0.0364377498626709,23.73288655281067
625,6005.989762504665,6605.167382622479,0.035585641860961914,23.76891255378723
626,5718.899269904925,6462.685997708326,0.036416053771972656,23.805748462677002
627,5927.909211326967,6579.898907572591,0.0371396541595459,23.84334707260132
628,5973.585058943214,6559.208460453099,0.03580474853515625,23.879555463790894
629,5737.004757835528,6593.569273746768,0.03696584701538086,23.916931629180908
630,5816.635694242082,6557.064429211429,0.035798072814941406,23.953193187713623
631,5952.819908457145,6538.6365300608295,0.03557443618774414,23.989178895950317
632,5737.004757835528,6382.0236419850935,0.03677773475646973,24.026326656341553
633,5840.479274100755,6363.7611663466505,0.03592658042907715,24.062657117843628
634,5737.004757835528,6402.958995213428,0.03606557846069336,24.099138021469116
635,5963.8920790611555,6607.355670397386,0.03577280044555664,24.135337352752686
636,5880.810057064797,6571.0664275849385,0.03516244888305664,24.17091941833496
637,5870.461122437909,6488.3672820415695,0.03552675247192383,24.206835746765137
638,5960.44099347135,6548.726449524709,0.03879952430725098,24.246028900146484
639,5990.811498504721,6559.976596562527,0.03670096397399902,24.283154726028442
640,5737.004757835528,6507.195184740372,0.03652501106262207,24.320013284683228
641,5731.493721247475,6403.781641960039,0.03979945182800293,24.360357999801636
642,5872.6443187037685,6431.553429980495,0.03567981719970703,24.396470069885254
643,5840.479274100755,6517.7750863420815,0.037186622619628906,24.434075593948364
644,5931.667828264665,6489.587259910701,0.037252187728881836,24.471803665161133
645,5825.722901688373,6537.6854329767075,0.03571891784667969,24.50792407989502
646,5983.071526784261,6542.195925424502,0.03710436820983887,24.54546594619751
647,5880.810057064797,6443.4744693108005,0.03734254837036133,24.583271741867065
648,5930.492942202766,6545.38641321206,0.03576016426086426,24.61949110031128
649,5737.004757835528,6553.371453133603,0.036095380783081055,24.6561439037323
650,5904.05317791131,6524.289731135213,0.035938262939453125,24.69245672225952
651,5945.413422467363,6500.136289698089,0.03626132011413574,24.72951054573059
652,5880.810057064797,6433.91263313682,0.03604006767272949,24.765968561172485
653,5790.830186031356,6497.1253979112425,0.03566622734069824,24.802396297454834
654,5971.759625859568,6486.293446026417,0.035887956619262695,24.83889079093933
655,5677.861087595473,6483.537958887453,0.03650379180908203,24.875810146331787
656,5880.810057064797,6452.205039678891,0.037665367126464844,24.914103269577026
657,5816.635694242082,6394.5229625228,0.04223799705505371,24.956831455230713
658,5790.830186031356,6595.230942756779,0.03940272331237793,24.996753931045532
659,5840.479274100755,6531.621311104275,0.03998374938964844,25.037448167800903
660,5783.995627037565,6475.991902211929,0.04764533042907715,25.085861206054688
661,5816.635694242082,6443.043798824177,0.04867720603942871,25.13500475883484
662,5899.9472548402055,6603.321943169858,0.04729628562927246,25.18272113800049
663,5861.616925751339,6496.265552631533,0.04546380043029785,25.228731632232666
664,5880.810057064797,6505.9480381585045,0.0462956428527832,25.275681495666504
665,5827.598637038051,6621.359823385013,0.04697370529174805,25.323292016983032
666,5840.479274100755,6441.1873412708355,0.04624009132385254,25.370039224624634
667,5913.831118332599,6472.908754471177,0.04823589324951172,25.418721914291382
668,5920.110210507309,6483.294079046136,0.04645419120788574,25.465692281723022
669,5737.004757835528,6456.866550466604,0.04678630828857422,25.51294994354248
670,5821.493315143939,6516.823644861197,0.045960426330566406,25.559706687927246
671,5842.2438589054655,6462.034037192206,0.045156002044677734,25.605360746383667
672,5758.141804129488,6498.9737567183965,0.04458117485046387,25.65041422843933
673,5798.335920977408,6459.524906559249,0.04734373092651367,25.698270320892334
674,5859.298537055261,6489.719869819673,0.04360032081604004,25.74254083633423
675,5832.935251990809,6459.566025124098,0.04306650161743164,25.78628897666931
676,5893.116664003853,6420.320489749066,0.05044221878051758,25.837137460708618
677,5880.810057064797,6458.13637636883,0.0423436164855957,25.880102396011353
678,5737.004757835528,6488.910187520877,0.04331684112548828,25.923808813095093
679,5737.004757835528,6416.827127148941,0.04286599159240723,25.967114686965942
680,5816.635694242082,6551.196450243912,0.04232192039489746,26.009814262390137
681,5730.000866252507,6520.597079486657,0.04226541519165039,26.05249524116516
682,5880.810057064797,6558.718158105558,0.0440526008605957,26.096917867660522
683,5816.635694242082,6390.972933744143,0.042061567306518555,26.13947606086731
684,5864.065322244655,6454.30244243703,0.04264068603515625,26.182475566864014
685,5920.110210507309,6472.830956268739,0.043961524963378906,26.226875066757202
686,5859.298537055261,6415.263398767111,0.041747093200683594,26.268989324569702
687,5960.44099347135,6499.250972958771,0.042429447174072266,26.311808824539185
688,5840.479274100755,6550.620649429553,0.041422367095947266,26.353676080703735
689,5737.004757835528,6548.340580620222,0.04186844825744629,26.395876169204712
690,5840.479274100755,6417.113495852087,0.04229331016540527,26.438562154769897
691,5840.479274100755,6403.641294215315,0.04228377342224121,26.481359481811523
692,5853.961922102502,6320.996378016198,0.04155135154724121,26.52331256866455
693,5933.447446967894,6482.206601797219,0.04422640800476074,26.567893505096436
694,5990.811498504721,6542.654285945676,0.0425875186920166,26.610910177230835
695,5971.031831251022,6476.310831052676,0.04317212104797363,26.6544771194458
696,5840.479274100755,6409.387401616104,0.04491424560546875,26.699810028076172
697,6028.2432729227585,6482.836486210818,0.04415535926818848,26.744895219802856
698,5990.811498504721,6523.024607986368,0.04567742347717285,26.79119610786438
699,5958.964595420878,6442.038201871145,0.04666709899902344,26.838297128677368
700,5840.479274100755,6629.079290619657,0.045113325119018555,26.884052276611328
701,5990.811498504721,6617.396927268312,0.04669547080993652,26.93151330947876
702,5737.004757835528,6464.913836432113,0.04539060592651367,26.9775493144989
703,5761.629056181964,6499.097074608025,0.042420387268066406,27.02042245864868
704,5853.961922102502,6576.634115697291,0.04458332061767578,27.065420150756836
705,5893.116664003853,6533.875309928092,0.055196285247802734,27.121081113815308
706,5907.8068704653215,6551.265130864133,0.06087851524353027,27.182435274124146
707,5980.360644259081,6572.557312331689,0.062479257583618164,27.24568748474121
708,5881.7682328063065,6392.203439135707,0.0443270206451416,27.290465116500854
709,5787.730269725066,6461.364549027897,0.04617571830749512,27.33733868598938
710,5874.339598140038,6416.475147910708,0.04375743865966797,27.381752014160156
711,5840.479274100755,6519.46079605935,0.05501389503479004,27.437208652496338
712,5816.635694242082,6538.401020833931,0.05390024185180664,27.491554260253906
713,5901.297323231294,6530.401793857538,0.04553723335266113,27.537474870681763
714,5657.991014860159,6569.431580235075,0.04446721076965332,27.58237886428833
715,5811.124657654029,6609.931952213153,0.04440808296203613,27.62721586227417
716,5737.004757835528,6603.433513320684,0.046933650970458984,27.674580335617065
717,5918.464922726693,6542.6818366467205,0.052011966705322266,27.72724437713623
718,5836.633016940662,6459.37727574442,0.046707868576049805,27.774731397628784
719,5801.0309657424905,6496.658141472228,0.047250986099243164,27.82257604598999
720,5816.635694242082,6553.8212040778735,0.04804801940917969,27.871277332305908
721,5798.335920977408,6424.764764215603,0.04281210899353027,27.914822101593018
722,5784.064103954234,6426.110018391359,0.04385519027709961,27.959290742874146
723,5863.626563444118,6526.417033476792,0.04638314247131348,28.00605607032776
724,5960.569471815651,6459.467909175976,0.043309688568115234,28.049805879592896
725,5880.810057064797,6483.473804079365,0.045586585998535156,28.095816373825073
726,5657.991014860159,6500.183776355751,0.043279409408569336,28.1395263671875
727,5816.635694242082,6533.3506216215355,0.04556465148925781,28.1858012676239
728,5910.137663679864,6617.4201444079845,0.04514193534851074,28.231606483459473
729,5882.478820321783,6605.870286081317,0.046199798583984375,28.278493642807007
730,5737.004757835528,6447.101496245366,0.04527020454406738,28.324617862701416
731,5790.830186031356,6564.685355083316,0.04355216026306152,28.368651866912842
732,5990.811498504721,6475.547673344944,0.04515576362609863,28.414363861083984
733,5781.3356038607,6493.701332123394,0.04448533058166504,28.459620714187622
734,5880.810057064797,6581.631491680279,0.04528450965881348,28.505577087402344
735,5881.7682328063065,6557.850662914608,0.04653191566467285,28.552577018737793
736,5863.626563444118,6489.058147345599,0.04761052131652832,28.600666284561157
737,5872.607413380952,6504.077725987346,0.04522299766540527,28.646374940872192
738,5737.004757835528,6422.893542639012,0.04533886909484863,28.692424535751343
739,5880.810057064797,6438.428794176626,0.046144723892211914,28.739238739013672
740,5873.329730299366,6532.412449155943,0.045983314514160156,28.78598713874817
741,5887.538620219461,6543.700791319192,0.045755863189697266,28.83224630355835
742,5864.065322244655,6484.930535780229,0.04986286163330078,28.883157968521118
743,5910.137663679864,6526.5694849182455,0.04813981056213379,28.931875705718994
744,5827.423875450228,6491.278780785392,0.04291820526123047,28.975287675857544
745,5780.55472842095,6478.238956490042,0.04701566696166992,29.022695541381836
746,5816.635694242082,6522.406629729784,0.044760704040527344,29.06787633895874
747,5960.44099347135,6567.918318168036,0.04556107521057129,29.114020586013794
748,5880.672980856517,6558.865579902277,0.043039798736572266,29.157490253448486
749,5990.811498504721,6530.154621110738,0.04262065887451172,29.20064878463745
750,5960.44099347135,6511.337081057755,0.04136180877685547,29.242438793182373
751,5915.648685642789,6516.337857304659,0.04789614677429199,29.290822982788086
752,5840.479274100755,6453.835544182721,0.04135727882385254,29.332608461380005
753,5737.004757835528,6376.8991029036815,0.04194188117980957,29.374947786331177
754,5928.947375655139,6516.539099033983,0.04172825813293457,29.417059183120728
755,5920.110210507309,6473.486765365377,0.041257381439208984,29.458768606185913
756,5783.237070741589,6519.181809917576,0.04899239540100098,29.50808358192444
757,5927.909211326967,6508.850022771134,0.06085848808288574,29.56941294670105
758,5780.55472842095,6528.896316330902,0.04386115074157715,29.613738775253296
759,6012.236094669538,6680.259584882159,0.03812766075134277,29.65237832069397
760,5880.810057064797,6592.420817114628,0.035379648208618164,29.688170194625854
761,5960.44099347135,6562.681894261664,0.035654306411743164,29.724215984344482
762,5986.175302929223,6461.8295858539595,0.03567147254943848,29.760308027267456
763,5874.339598140038,6451.377291144658,0.03496599197387695,29.795745849609375
764,5972.493309655192,6580.543615487701,0.03444480895996094,29.830580234527588
765,5880.810057064797,6493.893622967913,0.03674626350402832,29.86767864227295
766,5763.590465686995,6468.712565050386,0.03477811813354492,29.902825593948364
767,5829.720876886325,6387.300732769738,0.03492259979248047,29.93832015991211
768,5960.44099347135,6612.527694983918,0.0348820686340332,29.973878622055054
769,5842.386148910039,6463.4171643411055,0.03567075729370117,30.009939908981323
770,5957.990857292523,6478.200332701489,0.03492927551269531,30.045292615890503
771,5990.811498504721,6489.048927105848,0.03509068489074707,30.080759048461914
772,5990.811498504721,6569.738812469578,0.03669881820678711,30.117897987365723
773,5973.585058943214,6562.893283923743,0.03498554229736328,30.15333342552185
774,5912.4891254931035,6492.033243268013,0.03459453582763672,30.188663005828857
775,5930.16533951636,6561.444949422984,0.035243988037109375,30.224231243133545
776,5980.57153187776,6588.69084010652,0.03456306457519531,30.25938105583191
777,5880.810057064797,6478.958432089374,0.034886837005615234,30.29456925392151
778,5990.811498504721,6507.144373223112,0.03531074523925781,30.330228090286255
779,5931.576016687365,6509.90782468047,0.03520822525024414,30.3666775226593
780,6040.200408222205,6446.283335555538,0.03555440902709961,30.40258026123047
781,5953.322824210097,6490.912569488113,0.035005807876586914,30.437986135482788
782,5880.810057064797,6517.989483836865,0.03469991683959961,30.47319006919861
783,5990.811498504721,6567.901069563258,0.03480958938598633,30.5083646774292
784,5990.811498504721,6445.227252943141,0.034429073333740234,30.54307746887207
785,5934.216947835361,6490.94435240102,0.03486227989196777,30.578201293945312
786,5821.666386824741,6571.981088154761,0.03480935096740723,30.613353729248047
787,5737.004757835528,6529.321849808937,0.036469459533691406,30.650229930877686
788,5816.635694242082,6414.527630929611,0.035048484802246094,30.68586802482605
789,5960.44099347135,6401.828318976145,0.03488612174987793,30.721135139465332
790,5802.137296399754,6496.943224897082,0.034819841384887695,30.756274223327637
791,5677.861087595473,6612.046633015112,0.03495073318481445,30.791537761688232
792,5757.492024002026,6486.95200719361,0.0346522331237793,30.826561212539673
793,5957.341077165061,6514.229032030861,0.036752939224243164,30.863624811172485
794,5756.7001197173195,6503.15956573174,0.035103797912597656,30.899334192276
795,5823.194673894214,6405.751671496697,0.034809112548828125,30.934489011764526
796,5877.966857383962,6473.245966312308,0.03494620323181152,30.96975302696228
797,5783.995627037565,6509.036466739935,0.03469538688659668,31.005088090896606
798,5880.810057064797,6500.816732542449,0.041915178298950195,31.047342777252197
799,5881.7682328063065,6465.800639113292,0.03980398178100586,31.08769989013672
800,5818.566470518451,6365.3911977903,0.03480052947998047,31.122905015945435
801,5870.330842153664,6459.696745935563,0.03585529327392578,31.15928316116333
802,5952.819908457145,6554.20019441003,0.03501439094543457,31.19469380378723
803,5821.450011744656,6490.034909081463,0.03558683395385742,31.230870962142944
804,5924.367812275448,6562.448003175006,0.03486514091491699,31.266154050827026
805,5960.44099347135,6463.217315661251,0.035604000091552734,31.302385091781616
806,5926.358826098111,6442.153013682683,0.03503537178039551,31.337827920913696
807,5924.188343420072,6501.543675984944,0.03542590141296387,31.37364625930786
808,5895.962289554928,6534.734740511164,0.035259246826171875,31.40929627418518
809,5928.947375655139,6516.329581665381,0.03482651710510254,31.444653034210205
810,5835.773037186528,6359.801184272759,0.034839630126953125,31.480080127716064
811,5996.256644246379,6494.634066553043,0.036383867263793945,31.517130374908447
812,5960.44099347135,6420.47364873511,0.036061763763427734,31.553709506988525
813,5919.257720069479,6500.205018078355,0.03648805618286133,31.591464519500732
814,5840.479274100755,6388.776020419112,0.03514885902404785,31.627032041549683
815,5763.590465686995,6496.104297701794,0.035953521728515625,31.663469076156616
816,5831.465861971384,6469.642261824919,0.03787374496459961,31.70177721977234
817,5859.15347233971,6497.024939998419,0.037114620208740234,31.739318132400513
818,5952.819908457145,6473.1045375160065,0.03532123565673828,31.775012969970703
819,5880.810057064797,6544.3191398652325,0.035196781158447266,31.810617923736572
820,5877.710140758507,6504.530061667996,0.03497791290283203,31.84595227241516
821,5870.461122437909,6417.3515497947865,0.03479266166687012,31.881118535995483
822,5880.810057064797,6526.589769589032,0.035924673080444336,31.9174861907959
823,5768.812621841559,6459.701606649906,0.03538179397583008,31.95320177078247
824,5870.461122437909,6531.402447444082,0.03535628318786621,31.988988637924194
825,5840.479274100755,6515.397298474396,0.03503060340881348,32.024624824523926
826,5900.24187942497,6504.797382406355,0.035095930099487305,32.060282468795776
827,5864.065322244655,6432.362086812164,0.03504371643066406,32.095653772354126
828,5880.810057064797,6517.372880748784,0.035015106201171875,32.131324768066406
829,5880.810057064797,6397.930147076738,0.03526759147644043,32.16738152503967
830,5787.730269725066,6511.378411463725,0.03510928153991699,32.20302057266235
831,5798.335920977408,6431.290775169286,0.03509688377380371,32.238688230514526
832,5840.479274100755,6377.9104331867575,0.03472256660461426,32.27399253845215
833,5780.55472842095,6490.991418672082,0.03480339050292969,32.30915808677673
834,5805.2372127060435,6451.180241946788,0.034703731536865234,32.34439468383789
835,5952.819908457145,6481.834101358862,0.0348358154296875,32.379557847976685
836,5816.635694242082,6438.996903062918,0.03479647636413574,32.414714336395264
837,5816.635694242082,6445.933096521443,0.036693572998046875,32.45171093940735
838,5948.874812669978,6491.955601114981,0.035279035568237305,32.487690687179565
839,5737.004757835528,6356.036606422001,0.03498363494873047,32.5230667591095
840,5907.8068704653215,6471.697351686112,0.03621077537536621,32.559709548950195
841,5737.004757835528,6551.272975340253,0.03502488136291504,32.59514236450195
842,5920.110210507309,6533.392596344439,0.03455233573913574,32.63007712364197
843,5817.966597985349,6528.2627555575,0.034864187240600586,32.66532278060913
844,5864.065322244655,6469.899253790667,0.034421443939208984,32.700080156326294
845,5840.479274100755,6443.173633433944,0.03482794761657715,32.73522758483887
846,5821.702208236941,6504.484817284119,0.03473544120788574,32.77022957801819
847,5825.481414169102,6541.489837094554,0.0348052978515625,32.80535173416138
848,5938.6647528767135,6341.2921183860635,0.03440690040588379,32.84009122848511
849,5952.819908457145,6547.204171237234,0.03516650199890137,32.87552213668823
850,5737.004757835528,6541.614543887763,0.03468012809753418,32.91055917739868
851,5960.44099347135,6514.540327522392,0.03686261177062988,32.947887897491455
852,5943.696258651208,6461.313211924071,0.035121917724609375,32.983688831329346
853,5917.890750440482,6436.098405551838,0.035715579986572266,33.020017862319946
854,5880.810057064797,6520.278824692113,0.035950422286987305,33.05681490898132
855,5928.947375655139,6602.373078554546,0.034845829010009766,33.09209609031677
856,5960.44099347135,6568.297802047938,0.034700632095336914,33.127158641815186
857,5960.44099347135,6534.617850068857,0.034725189208984375,33.16225576400757
858,5951.354464508999,6593.5809602803865,0.03461337089538574,33.19722390174866
859,5805.2372127060435,6510.703468435772,0.034769535064697266,33.232381105422974
860,5948.874812669978,6640.8481362609355,0.0345158576965332,33.267253160476685
861,5948.874812669978,6605.669186420348,0.03628659248352051,33.3039014339447
862,5837.821055233392,6504.976500912658,0.03492426872253418,33.339457273483276
863,5880.810057064797,6472.807705741533,0.0349881649017334,33.37504506111145
864,5874.339598140038,6468.83144269315,0.03539776802062988,33.41102385520935
865,5880.810057064797,6476.98432224963,0.03523063659667969,33.44693112373352
866,5901.333144643494,6553.621426533349,0.03506302833557129,33.48260974884033
867,5822.665342520729,6484.090408179488,0.03475213050842285,33.51776051521301
868,5880.810057064797,6549.65319280271,0.034697771072387695,33.553011417388916
869,5737.004757835528,6337.2121551408245,0.034798383712768555,33.58823323249817
870,5840.479274100755,6445.541973677933,0.03501081466674805,33.62384867668152
871,5790.830186031356,6418.032344386049,0.03500056266784668,33.65946650505066
872,5840.479274100755,6575.054860931358,0.03446245193481445,33.69459295272827
873,5880.810057064797,6550.299975075931,0.034822702407836914,33.72976565361023
874,5860.5478223316795,6461.832576149602,0.034940481185913086,33.76511597633362
875,5860.1856648275025,6480.98578364091,0.03574252128601074,33.80131649971008
876,5780.55472842095,6476.85553486417,0.035800933837890625,33.837559938430786
877,5945.098549661003,6487.17932314327,0.03535771369934082,33.87333536148071
878,5798.335920977408,6578.7839177747055,0.03568720817565918,33.90942072868347
879,5840.479274100755,6513.25002028529,0.035344839096069336,33.9453604221344
880,5840.479274100755,6485.329390026292,0.03534197807312012,33.98126435279846
881,5737.004757835528,6453.2268610495485,0.035381317138671875,34.01731467247009
882,5960.44099347135,6573.221873596073,0.03566312789916992,34.058711528778076
883,5816.635694242082,6536.0879880285775,0.036067962646484375,34.095349073410034
884,5960.44099347135,6632.891089973808,0.034934282302856445,34.13090372085571
885,5990.811498504721,6590.498667297451,0.03540444374084473,34.167102336883545
886,5737.621951266713,6517.673708215621,0.03515195846557617,34.20285081863403
887,5901.333144643494,6470.584045463542,0.03516268730163574,34.238566637039185
888,5737.004757835528,6469.467159089332,0.035333871841430664,34.27430844306946
889,5840.479274100755,6448.862855561045,0.03567147254943848,34.31057524681091
890,5880.810057064797,6412.2078161114005,0.03521013259887695,34.346396923065186
891,5843.7375875240405,6426.93673298395,0.03540658950805664,34.38239359855652
892,5840.479274100755,6449.0798566251915,0.03592848777770996,34.418960094451904
893,5737.004757835528,6407.750576705131,0.035272836685180664,34.454851388931274
894,5840.479274100755,6523.57036778123,0.03589129447937012,34.491339921951294
895,5880.810057064797,6655.379763883102,0.03564167022705078,34.52740263938904
896,5880.810057064797,6459.115813181494,0.03611016273498535,34.564122438430786
897,5737.004757835528,6545.687222564299,0.035805463790893555,34.60035729408264
898,5737.004757835528,6361.547472532457,0.03500819206237793,34.635977268218994
899,5968.658789545491,6521.053221902578,0.03645014762878418,34.67280054092407
900,5840.479274100755,6478.637531393723,0.03491616249084473,34.70832538604736
901,5920.110210507309,6434.304525145521,0.035500288009643555,34.7445912361145
902,5951.722483868296,6446.2221850221285,0.03513836860656738,34.78010368347168
903,5840.479274100755,6412.926655962616,0.03521251678466797,34.815717935562134
904,5737.004757835528,6395.603104255901,0.035039663314819336,34.85114502906799
905,5756.7001197173195,6432.52736278242,0.03513932228088379,34.88664674758911
906,5864.065322244655,6442.926225389059,0.03471660614013672,34.92171359062195
907,5789.642147738626,6383.073992292732,0.036202192306518555,34.95840287208557
908,5737.004757835528,6387.660668650635,0.03545951843261719,34.99424982070923
909,5737.004757835528,6465.547269551529,0.03530144691467285,35.02994108200073
910,5960.44099347135,6491.354525893574,0.03709745407104492,35.067373752593994
911,5943.696258651208,6458.536731903056,0.035117149353027344,35.10290741920471
912,5864.065322244655,6453.744674148566,0.03481245040893555,35.13840126991272
913,5737.004757835528,6463.816178537549,0.03725171089172363,35.17606711387634
914,5973.585058943214,6468.757381436972,0.03483080863952637,35.211283445358276
915,5960.44099347135,6422.213514513069,0.03514909744262695,35.2467999458313
916,5960.44099347135,6496.7892857673,0.03514695167541504,35.28232932090759
917,5992.588270986429,6454.633785755738,0.037627220153808594,35.32037949562073
918,5938.101914175649,6459.8815238697625,0.03483867645263672,35.355913400650024
919,5840.479274100755,6431.576605587201,0.035104990005493164,35.39141273498535
920,5840.479274100755,6539.410330025359,0.0348966121673584,35.426634073257446
921,5881.323556978632,6630.518057768878,0.03508615493774414,35.4621102809906
922,5737.004757835528,6591.097804201542,0.035273075103759766,35.49768853187561
923,5863.626563444118,6567.55158336384,0.03850245475769043,35.53661751747131
924,5863.626563444118,6594.568871183037,0.0459744930267334,35.58297395706177
925,5761.629056181964,6477.7997394580425,0.053154945373535156,35.63667941093445
926,5920.110210507309,6617.715922309853,0.0509490966796875,35.68812656402588
927,5737.004757835528,6465.679698649595,0.050986528396606445,35.739909172058105
928,5973.585058943214,6488.662006985875,0.04813742637634277,35.7885468006134
929,5657.991014860159,6431.995924739503,0.04881405830383301,35.837772607803345
930,5848.243734120928,6538.127489422002,0.04760456085205078,35.88575553894043
931,5851.82514008,6520.8821374521785,0.05144810676574707,35.93776035308838
932,5881.7682328063065,6572.818059848954,0.0573725700378418,35.99572205543518
933,5899.820925180822,6572.380537764175,0.047516584396362305,36.04384183883667
934,5802.137296399754,6441.879173214145,0.04792451858520508,36.09263062477112
935,5823.194673894214,6422.771026962016,0.046863555908203125,36.14017677307129
936,5886.72147427391,6534.294225122856,0.04581141471862793,36.18662977218628
937,5880.810057064797,6599.792288439073,0.04491877555847168,36.232202768325806
938,5881.7682328063065,6551.051220000489,0.045074462890625,36.27790379524231
939,5881.7682328063065,6604.382694937347,0.044775962829589844,36.32323217391968
940,5986.337800115873,6535.89135392318,0.046380043029785156,36.370354890823364
941,5790.830186031356,6530.610710390539,0.047820329666137695,36.418888330459595
942,5990.811498504721,6502.695202688399,0.04718732833862305,36.46672797203064
943,5928.947375655139,6503.784671015954,0.04319882392883301,36.510395765304565
944,5880.810057064797,6406.632518147417,0.04337024688720703,36.5541627407074
945,6022.364126742375,6591.96140766629,0.04561257362365723,36.60024356842041
946,5737.004757835528,6543.4662860630915,0.04434537887573242,36.64495611190796
947,5846.321318399839,6595.390933218765,0.04637789726257324,36.69186091423035
948,5747.213164336008,6539.7635815543235,0.04475116729736328,36.73725175857544
949,5945.098549661003,6527.646254842513,0.050707340240478516,36.78860020637512
950,5783.995627037565,6548.478725265121,0.04406237602233887,36.83332324028015
951,5921.2549698023295,6486.5709082497715,0.04593038558959961,36.879995822906494
952,5915.75534452816,6499.408604118714,0.043186187744140625,36.92367959022522
953,5780.55472842095,6597.978705814113,0.04522871971130371,36.969385385513306
954,5880.810057064797,6563.489654786242,0.043691158294677734,37.01369500160217
955,5880.810057064797,6497.344846319394,0.044821739196777344,37.05902886390686
956,5852.796965508135,6486.471226777512,0.04272603988647461,37.10222625732422
957,5880.810057064797,6491.208858604808,0.04281973838806152,37.145495653152466
958,5865.103572447191,6524.6247526615125,0.04258108139038086,37.18847441673279
959,5780.55472842095,6582.71349584182,0.04552626609802246,37.234458684921265
960,5920.110210507309,6487.829010433059,0.04140281677246094,37.276283264160156
961,5816.635694242082,6399.41809732728,0.04417133331298828,37.32083868980408
962,5960.44099347135,6594.342278812846,0.04188203811645508,37.3634238243103
963,5737.004757835528,6492.806185796253,0.04139995574951172,37.40524363517761
964,5880.810057064797,6425.788941866077,0.0420992374420166,37.4476318359375
965,5761.629056181964,6437.693631399032,0.041707515716552734,37.48971676826477
966,5737.004757835528,6489.520992660562,0.0409550666809082,37.53104519844055
967,5737.004757835528,6458.738634081253,0.04337143898010254,37.57469129562378
968,5880.810057064797,6424.314099037773,0.0434727668762207,37.61861610412598
969,5973.585058943214,6484.372821989189,0.04265451431274414,37.661707401275635
970,5880.810057064797,6453.241264297455,0.04690384864807129,37.70899987220764
971,5880.810057064797,6556.75559894258,0.042018890380859375,37.75166654586792
972,5790.830186031356,6468.267956529892,0.05426335334777832,37.80668020248413
973,5826.382552192912,6518.8020439917655,0.04295682907104492,37.85005974769592
974,5841.624033395776,6547.527328253259,0.04807305335998535,37.898783922195435
975,5670.990505721478,6406.9177940130385,0.04267597198486328,37.94196963310242
976,5910.393746926942,6566.639497049835,0.0465855598449707,37.98900246620178
977,5924.188343420072,6451.79965496425,0.04548811912536621,38.035205125808716
978,5990.811498504721,6591.957261309103,0.045404672622680664,38.08101153373718
979,5990.811498504721,6585.1611382329975,0.043294668197631836,38.12487006187439
980,5887.470143302792,6475.964125868299,0.04406261444091797,38.16938066482544
981,5841.624033395776,6535.585282455582,0.042086124420166016,38.211971282958984
982,5749.429953748114,6378.54458457822,0.042601585388183594,38.254963636398315
983,5737.004757835528,6536.20635186174,0.044651031494140625,38.29999399185181
984,5877.383203611619,6505.444558235101,0.043288230895996094,38.344069957733154
985,5737.004757835528,6483.36950168589,0.04349827766418457,38.38822889328003
986,5973.756905963541,6489.044143145915,0.04453086853027344,38.43321633338928
987,5993.6137080175595,6565.185102054119,0.04360485076904297,38.47748875617981
988,5926.358826098111,6569.939599483148,0.04533553123474121,38.523502349853516
989,5737.004757835528,6440.940179309397,0.04301571846008301,38.56696605682373
990,5880.810057064797,6494.679004460058,0.05011463165283203,38.61764907836914
991,5865.103572447191,6438.188262298989,0.044994354248046875,38.66331624984741
992,5880.810057064797,6499.328416131321,0.043900489807128906,38.70766639709473
993,5816.635694242082,6510.912173223516,0.04456353187561035,38.752859115600586
994,5731.493721247475,6470.95203008893,0.04258561134338379,38.79588532447815
995,5924.188343420072,6496.791089799159,0.04230070114135742,38.838629722595215
996,5759.503093342838,6461.5175022948115,0.04615616798400879,38.885149002075195
997,5798.335920977408,6505.781649349715,0.044587135314941406,38.930259466171265
998,5859.566229718886,6526.739222756918,0.04533815383911133,38.97599244117737
999,5870.461122437909,6575.430281992524,0.04678630828857422,39.02324676513672
