Iteration,Best Distance,Current Distance,Iter Time (s),Cumulative Time (s)
0,25635.675918621557,25635.675918621557,0.0012176036834716797,0.0012192726135253906
1,24297.26887928699,24297.26887928699,0.0014066696166992188,0.003020763397216797
2,23010.247833667567,23010.247833667567,0.001153707504272461,0.0044193267822265625
3,21747.5633143527,21747.5633143527,0.0014307498931884766,0.0060422420501708984
4,20608.789376590736,20608.789376590736,0.0012052059173583984,0.007495880126953125
5,20085.65095439745,20085.65095439745,0.0011394023895263672,0.008823394775390625
6,19354.63080651894,19354.63080651894,0.0011942386627197266,0.01020669937133789
7,17993.274577537202,17993.274577537202,0.0011830329895019531,0.01165151596069336
8,17386.177487227473,17386.177487227473,0.0026078224182128906,0.014594078063964844
9,16145.315954948332,16145.315954948332,0.001316070556640625,0.01622939109802246
10,15629.451342051147,15629.451342051147,0.0011584758758544922,0.017669677734375
11,14745.807093241796,14745.807093241796,0.0011572837829589844,0.0190889835357666
12,14242.357814846242,14242.357814846242,0.0011529922485351562,0.02045154571533203
13,13672.621528537016,13672.621528537016,0.0011591911315917969,0.021825551986694336
14,13452.648235025254,13452.648235025254,0.0011601448059082031,0.023181915283203125
15,12933.332638065276,12933.332638065276,0.001157522201538086,0.024538278579711914
16,12602.320564997977,12602.320564997977,0.0012030601501464844,0.02593708038330078
17,12102.459718170054,12102.459718170054,0.0013003349304199219,0.027508258819580078
18,11922.724587701327,11922.724587701327,0.0011868476867675781,0.028940916061401367
19,11604.53597224249,11604.53597224249,0.0011761188507080078,0.030332088470458984
20,11254.115055242282,11254.115055242282,0.001154184341430664,0.03168129920959473
21,11206.782385598734,11206.782385598734,0.0013003349304199219,0.0331878662109375
22,10973.404339796001,10973.404339796001,0.0011584758758544922,0.034549713134765625
23,10670.21909096769,10670.21909096769,0.0011773109436035156,0.035925865173339844
24,10485.31966358458,10485.31966358458,0.0011570453643798828,0.03732800483703613
25,9965.013603592932,9965.013603592932,0.0011682510375976562,0.0386958122253418
26,9762.995903783878,9762.995903783878,0.0011663436889648438,0.04005694389343262
27,9612.022095635066,9612.022095635066,0.0012950897216796875,0.041584014892578125
28,9436.103957864705,9436.103957864705,0.0011813640594482422,0.04299759864807129
29,9209.616015097368,9209.616015097368,0.0011823177337646484,0.04443669319152832
30,9048.118407411966,9048.118407411966,0.001165628433227539,0.04579567909240723
31,9034.009678392349,9034.009678392349,0.0011663436889648438,0.04715919494628906
32,8753.774202917179,8753.774202917179,0.0011844635009765625,0.04857182502746582
33,8659.92357962317,8659.92357962317,0.0011739730834960938,0.049944400787353516
34,8637.72946167266,8637.72946167266,0.0011639595031738281,0.05129837989807129
35,8444.859213087091,8444.859213087091,0.0011792182922363281,0.052666664123535156
36,8258.047233664882,8258.047233664882,0.0011720657348632812,0.054028987884521484
37,8100.176346935409,8100.176346935409,0.0011928081512451172,0.05540108680725098
38,7952.506234545061,7952.506234545061,0.001165628433227539,0.05675077438354492
39,7950.134663899906,7950.134663899906,0.0013303756713867188,0.05826425552368164
40,7805.148771606798,7805.148771606798,0.001294851303100586,0.05977177619934082
41,7739.834185032763,7739.834185032763,0.0012922286987304688,0.06125068664550781
42,7604.2988458565305,7604.2988458565305,0.0012841224670410156,0.0627133846282959
43,7492.723592283409,7492.723592283409,0.001294851303100586,0.06418633460998535
44,7470.5926866705995,7470.5926866705995,0.0012903213500976562,0.06565380096435547
45,7452.479731950093,7452.479731950093,0.0012969970703125,0.06712651252746582
46,7392.614657787463,7392.614657787463,0.0012955665588378906,0.06859850883483887
47,7284.402746431583,7284.402746431583,0.0013170242309570312,0.07009434700012207
48,7160.8837511841,7160.8837511841,0.001287698745727539,0.07156991958618164
49,7130.511774909679,7130.511774909679,0.001323699951171875,0.07310366630554199
50,7126.271705147093,7126.271705147093,0.0013041496276855469,0.07463335990905762
51,7126.271705147093,7126.271705147093,0.0015571117401123047,0.07649469375610352
52,7126.271705147093,7126.271705147093,0.001436471939086914,0.07821822166442871
53,7126.271705147093,7126.271705147093,0.0013005733489990234,0.07976245880126953
54,7045.796854981018,7045.796854981018,0.0013086795806884766,0.08126044273376465
55,7045.796854981018,7045.796854981018,0.001306772232055664,0.08275246620178223
56,6866.52115762117,6866.52115762117,0.0012969970703125,0.08424067497253418
57,6866.52115762117,6866.52115762117,0.0013225078582763672,0.08574151992797852
58,6857.045879414648,6857.045879414648,0.0012965202331542969,0.08722305297851562
59,6829.044989732358,6829.044989732358,0.0013415813446044922,0.08875441551208496
60,6829.044989732358,6829.044989732358,0.002460002899169922,0.09154748916625977
61,6829.044989732358,6829.044989732358,0.0013098716735839844,0.09330868721008301
62,6730.588988297154,6730.588988297154,0.0013010501861572266,0.09480834007263184
63,6730.588988297154,6730.588988297154,0.0012938976287841797,0.09630298614501953
64,6730.588988297154,6730.588988297154,0.0013000965118408203,0.09780216217041016
65,6730.588988297154,6730.588988297154,0.001291036605834961,0.09928727149963379
66,6650.285375512678,6650.285375512678,0.001338958740234375,0.10084247589111328
67,6650.285375512678,6650.285375512678,0.0012857913970947266,0.10234427452087402
68,6650.285375512678,6650.285375512678,0.0013256072998046875,0.10387229919433594
69,6549.932517017527,6549.932517017527,0.001302957534790039,0.10541415214538574
70,6519.810116774152,6519.810116774152,0.0012989044189453125,0.10692381858825684
71,6511.4504880159075,6511.4504880159075,0.0012965202331542969,0.10842776298522949
72,6397.512305696923,6397.512305696923,0.0011785030364990234,0.10983633995056152
73,6395.291054134173,6395.291054134173,0.0011816024780273438,0.11124515533447266
74,6312.845027146346,6312.845027146346,0.001184225082397461,0.11267447471618652
75,6312.845027146346,6312.845027146346,0.001165628433227539,0.11403965950012207
76,6236.198226782487,6236.198226782487,0.0011730194091796875,0.11541056632995605
77,6229.881343651786,6229.881343651786,0.0011663436889648438,0.11681008338928223
78,6149.5072613530365,6149.5072613530365,0.001161813735961914,0.11815428733825684
79,6069.676664628955,6069.676664628955,0.0011668205261230469,0.11951184272766113
80,6069.676664628955,6069.676664628955,0.0014650821685791016,0.12123513221740723
81,6069.676664628955,6155.352491308816,0.001209259033203125,0.12267875671386719
82,6069.676664628955,6092.548179694618,0.0011632442474365234,0.12404727935791016
83,6069.676664628955,6092.548179694618,0.0011649131774902344,0.12542510032653809
84,6006.872353014757,6006.872353014757,0.0011670589447021484,0.12677359580993652
85,6006.872353014757,6006.872353014757,0.0011675357818603516,0.12811946868896484
86,6006.872353014757,6006.872353014757,0.0011653900146484375,0.12946128845214844
87,6006.872353014757,6006.872353014757,0.0011835098266601562,0.13082361221313477
88,6006.872353014757,6006.872353014757,0.0011670589447021484,0.1321730613708496
89,6006.527604648491,6006.527604648491,0.0011639595031738281,0.1335163116455078
90,6006.527604648491,6006.527604648491,0.001191854476928711,0.1348857879638672
91,6006.527604648491,6006.527604648491,0.0011684894561767578,0.1362597942352295
92,6006.527604648491,6006.527604648491,0.0011665821075439453,0.1376171112060547
93,6006.527604648491,6006.527604648491,0.0011730194091796875,0.1390368938446045
94,6006.527604648491,6006.527604648491,0.0011603832244873047,0.14038753509521484
95,6006.527604648491,6006.527604648491,0.0011844635009765625,0.14179468154907227
96,6006.527604648491,6006.527604648491,0.0011720657348632812,0.1431560516357422
97,6006.527604648491,6006.527604648491,0.0011649131774902344,0.14451098442077637
98,5985.670511279385,5985.670511279385,0.001176595687866211,0.14588594436645508
99,5985.670511279385,5985.670511279385,0.001169443130493164,0.14726471900939941
100,5985.670511279385,5985.670511279385,0.0011723041534423828,0.1486217975616455
101,5985.670511279385,5985.670511279385,0.0011949539184570312,0.15009403228759766
102,5985.670511279385,5985.670511279385,0.00121307373046875,0.15154075622558594
103,5985.670511279385,5985.670511279385,0.0011839866638183594,0.1529533863067627
104,5985.670511279385,5985.670511279385,0.0011639595031738281,0.15430283546447754
105,5985.670511279385,5985.670511279385,0.0011684894561767578,0.1556532382965088
106,5985.670511279385,5985.670511279385,0.001172780990600586,0.15700674057006836
107,5985.670511279385,5985.670511279385,0.001173257827758789,0.15835952758789062
108,5985.670511279385,5985.670511279385,0.001163482666015625,0.15970063209533691
109,5985.670511279385,5985.670511279385,0.0011868476867675781,0.16106748580932617
110,5985.670511279385,5985.670511279385,0.0011649131774902344,0.1624143123626709
111,5985.670511279385,5985.670511279385,0.001161336898803711,0.16375350952148438
112,5985.670511279385,5985.670511279385,0.0011730194091796875,0.16513323783874512
113,5985.670511279385,5985.670511279385,0.0012288093566894531,0.16653823852539062
114,5985.670511279385,5985.670511279385,0.0024302005767822266,0.16924595832824707
115,5985.670511279385,5985.670511279385,0.0011861324310302734,0.17095470428466797
116,5985.670511279385,5986.633645563173,0.001168966293334961,0.17242765426635742
117,5985.670511279385,5986.633645563173,0.0011835098266601562,0.17381858825683594
118,5985.670511279385,6052.695491480065,0.0011615753173828125,0.17520475387573242
119,5985.670511279385,6052.695491480065,0.0012102127075195312,0.1766054630279541
120,5985.670511279385,6052.695491480065,0.001165151596069336,0.17796754837036133
121,5985.670511279385,6052.695491480065,0.001161813735961914,0.1793212890625
122,5985.670511279385,6052.695491480065,0.0011661052703857422,0.1806778907775879
123,5985.670511279385,6052.695491480065,0.0013341903686523438,0.1822056770324707
124,5985.670511279385,6007.194964110898,0.0012505054473876953,0.1837615966796875
125,5985.670511279385,6007.194964110898,0.0011603832244873047,0.18516898155212402
126,5985.670511279385,6007.194964110898,0.0011780261993408203,0.1865534782409668
127,5985.670511279385,6007.194964110898,0.0011663436889648438,0.1879127025604248
128,5985.670511279385,6007.194964110898,0.0011644363403320312,0.1892688274383545
129,5985.670511279385,6084.17534428302,0.0011990070343017578,0.1906745433807373
130,5985.670511279385,6075.444699654199,0.0011739730834960938,0.19204950332641602
131,5985.670511279385,6075.444699654199,0.0011653900146484375,0.19344615936279297
132,5985.670511279385,6009.3828537373065,0.0011818408966064453,0.19481801986694336
133,5985.670511279385,6009.3828537373065,0.0011653900146484375,0.19624781608581543
134,5985.670511279385,6009.3828537373065,0.001184701919555664,0.19762110710144043
135,5985.670511279385,6089.452548944397,0.0011677742004394531,0.19901466369628906
136,5985.670511279385,6089.452548944397,0.0011653900146484375,0.20036625862121582
137,5985.670511279385,6089.452548944397,0.0011692047119140625,0.20174694061279297
138,5985.670511279385,6089.452548944397,0.0011658668518066406,0.20310544967651367
139,5985.670511279385,6089.452548944397,0.001172780990600586,0.20445585250854492
140,5985.670511279385,6081.181683802728,0.001188516616821289,0.20582342147827148
141,5985.670511279385,6081.181683802728,0.001169443130493164,0.20717477798461914
142,5985.670511279385,6108.568664513693,0.0011715888977050781,0.20852184295654297
143,5985.670511279385,6108.568664513693,0.0011625289916992188,0.20986127853393555
144,5985.670511279385,6108.568664513693,0.0011546611785888672,0.21119451522827148
145,5985.670511279385,6108.568664513693,0.0012288093566894531,0.2125997543334961
146,5985.670511279385,6201.898873967402,0.0011687278747558594,0.2139594554901123
147,5985.670511279385,6201.898873967402,0.00115966796875,0.2153005599975586
148,5985.670511279385,6201.898873967402,0.0011570453643798828,0.21663475036621094
149,5985.670511279385,6188.749655475568,0.0011703968048095703,0.21800971031188965
150,5985.670511279385,6133.467362816967,0.001171112060546875,0.21936345100402832
151,5985.670511279385,6133.467362816967,0.001322031021118164,0.22096943855285645
152,5985.670511279385,6044.7492189641225,0.0011820793151855469,0.22237277030944824
153,5985.670511279385,6023.59460325383,0.0011706352233886719,0.22372984886169434
154,5985.670511279385,6023.59460325383,0.0011734962463378906,0.22508525848388672
155,5985.670511279385,6023.59460325383,0.0011723041534423828,0.2264399528503418
156,5985.670511279385,6023.59460325383,0.0011875629425048828,0.22780656814575195
157,5985.670511279385,6023.59460325383,0.0013127326965332031,0.22934889793395996
158,5985.670511279385,6023.59460325383,0.0012624263763427734,0.2309277057647705
159,5964.568228002247,5964.568228002247,0.0011696815490722656,0.23231267929077148
160,5964.568228002247,5964.568228002247,0.0026335716247558594,0.23521852493286133
161,5964.568228002247,5964.568228002247,0.0011856555938720703,0.2366349697113037
162,5964.568228002247,5964.568228002247,0.0011663436889648438,0.2380218505859375
163,5964.568228002247,6078.250963769298,0.0011761188507080078,0.2393937110900879
164,5964.568228002247,6078.250963769298,0.0011696815490722656,0.240767240524292
165,5964.568228002247,6078.250963769298,0.0011820793151855469,0.2421431541442871
166,5964.568228002247,6078.250963769298,0.0011641979217529297,0.24349761009216309
167,5964.568228002247,6078.250963769298,0.0012140274047851562,0.2449653148651123
168,5964.568228002247,6078.250963769298,0.0011756420135498047,0.24637389183044434
169,5964.568228002247,6078.250963769298,0.0011823177337646484,0.24776244163513184
170,5964.568228002247,6075.198251747264,0.0011959075927734375,0.24916815757751465
171,5961.515515980213,5961.515515980213,0.001190185546875,0.2506096363067627
172,5961.515515980213,5961.515515980213,0.0011734962463378906,0.2520451545715332
173,5961.515515980213,5961.515515980213,0.0011708736419677734,0.253401517868042
174,5961.515515980213,5961.515515980213,0.0011854171752929688,0.2547736167907715
175,5961.515515980213,5961.515515980213,0.0011806488037109375,0.25617241859436035
176,5961.515515980213,5961.515515980213,0.0011663436889648438,0.25752973556518555
177,5961.515515980213,5961.515515980213,0.0012025833129882812,0.2589280605316162
178,5961.515515980213,5961.515515980213,0.0011723041534423828,0.26032328605651855
179,5961.515515980213,5961.515515980213,0.0012221336364746094,0.261890172958374
180,5961.515515980213,5961.515515980213,0.0011687278747558594,0.26325392723083496
181,5961.515515980213,5961.515515980213,0.0011622905731201172,0.26460742950439453
182,5961.515515980213,5961.515515980213,0.0011713504791259766,0.26598477363586426
183,5961.515515980213,5961.515515980213,0.0011725425720214844,0.2673513889312744
184,5961.515515980213,6016.653488064654,0.0011632442474365234,0.268704891204834
185,5961.515515980213,5985.55043839279,0.0011653900146484375,0.2700660228729248
186,5961.515515980213,5985.55043839279,0.0011684894561767578,0.2714231014251709
187,5961.515515980213,5985.55043839279,0.0011739730834960938,0.2727851867675781
188,5961.515515980213,5985.55043839279,0.001169443130493164,0.27414512634277344
189,5961.515515980213,5985.55043839279,0.0016984939575195312,0.2760317325592041
190,5961.515515980213,5982.1622412529105,0.0014412403106689453,0.28217005729675293
191,5961.515515980213,5982.1622412529105,0.0011816024780273438,0.2836596965789795
192,5961.515515980213,5982.1622412529105,0.0011949539184570312,0.2850642204284668
193,5961.515515980213,5982.1622412529105,0.0011970996856689453,0.28646063804626465
194,5961.515515980213,5982.1622412529105,0.0011861324310302734,0.2878751754760742
195,5961.515515980213,5982.1622412529105,0.0011754035949707031,0.2892472743988037
196,5961.515515980213,5982.1622412529105,0.0012080669403076172,0.29065465927124023
197,5961.515515980213,5982.1622412529105,0.0011832714080810547,0.2920546531677246
198,5961.515515980213,5982.1622412529105,0.00116729736328125,0.2934136390686035
199,5961.515515980213,5982.1622412529105,0.001168966293334961,0.29479050636291504
200,5961.515515980213,5982.1622412529105,0.0012035369873046875,0.2962310314178467
201,5961.515515980213,5982.1622412529105,0.0013079643249511719,0.29785871505737305
202,5961.515515980213,5982.1622412529105,0.0011949539184570312,0.299285888671875
203,5961.515515980213,5982.1622412529105,0.001169443130493164,0.30065488815307617
204,5961.515515980213,5982.1622412529105,0.0011773109436035156,0.30208730697631836
205,5961.515515980213,5994.498270958639,0.001168966293334961,0.303447961807251
206,5961.515515980213,5994.498270958639,0.001177072525024414,0.30483317375183105
207,5961.515515980213,5994.498270958639,0.001169443130493164,0.30619192123413086
208,5922.7059383008655,5922.7059383008655,0.0012118816375732422,0.3076310157775879
209,5922.7059383008655,5922.7059383008655,0.0012083053588867188,0.30913829803466797
210,5922.7059383008655,5922.7059383008655,0.0012238025665283203,0.3106098175048828
211,5853.179150706807,5853.179150706807,0.0012180805206298828,0.3121778964996338
212,5853.179150706807,5872.551612196058,0.0011703968048095703,0.31356167793273926
213,5853.179150706807,5872.551612196058,0.0011730194091796875,0.31491756439208984
214,5853.179150706807,5872.551612196058,0.0011799335479736328,0.3163020610809326
215,5853.179150706807,5872.551612196058,0.0011661052703857422,0.31771016120910645
216,5853.179150706807,5872.551612196058,0.0011687278747558594,0.31906747817993164
217,5853.179150706807,5872.551612196058,0.0011661052703857422,0.3204221725463867
218,5852.8562503142675,5852.8562503142675,0.0011987686157226562,0.3218104839324951
219,5852.8562503142675,5852.8562503142675,0.0012040138244628906,0.3234224319458008
220,5833.483788825017,5833.483788825017,0.0011887550354003906,0.32489538192749023
221,5833.483788825017,5833.483788825017,0.0012159347534179688,0.3263542652130127
222,5833.483788825017,5833.483788825017,0.0011622905731201172,0.327742338180542
223,5832.555128825067,5832.555128825067,0.001169443130493164,0.3291029930114746
224,5832.555128825067,5832.555128825067,0.0011682510375976562,0.3304622173309326
225,5832.555128825067,5832.555128825067,0.0011677742004394531,0.3318207263946533
226,5832.555128825067,5832.555128825067,0.0011820793151855469,0.33319735527038574
227,5832.555128825067,5832.555128825067,0.0011715888977050781,0.33455991744995117
228,5832.555128825067,5832.555128825067,0.0011641979217529297,0.33591461181640625
229,5832.555128825067,5832.555128825067,0.0011749267578125,0.33727598190307617
230,5832.555128825067,5832.555128825067,0.0012121200561523438,0.3387875556945801
231,5832.555128825067,5832.555128825067,0.0011723041534423828,0.3401515483856201
232,5832.555128825067,5832.555128825067,0.0011653900146484375,0.3415193557739258
233,5832.555128825067,5832.555128825067,0.0011668205261230469,0.3428685665130615
234,5832.555128825067,5832.555128825067,0.0011649131774902344,0.34426379203796387
235,5832.555128825067,5832.555128825067,0.0011653900146484375,0.3456134796142578
236,5832.555128825067,5832.555128825067,0.0011696815490722656,0.34695959091186523
237,5832.555128825067,5832.555128825067,0.0011687278747558594,0.34830689430236816
238,5832.555128825067,5832.555128825067,0.0011587142944335938,0.3496429920196533
239,5832.555128825067,5832.555128825067,0.0011687278747558594,0.35098719596862793
240,5832.555128825067,5832.555128825067,0.0011968612670898438,0.3523855209350586
241,5832.555128825067,5832.555128825067,0.0012173652648925781,0.3538329601287842
242,5832.555128825067,5832.555128825067,0.0011708736419677734,0.3552286624908447
243,5832.555128825067,5832.555128825067,0.0011708736419677734,0.35660386085510254
244,5832.555128825067,5832.555128825067,0.0011625289916992188,0.35794711112976074
245,5832.555128825067,5887.551744840792,0.0011861324310302734,0.3593132495880127
246,5832.555128825067,5887.551744840792,0.0011734962463378906,0.36066460609436035
247,5832.555128825067,5887.551744840792,0.0011661052703857422,0.36200881004333496
248,5832.555128825067,5887.551744840792,0.0011677742004394531,0.3633553981781006
249,5832.555128825067,5887.551744840792,0.0011744499206542969,0.3647301197052002
250,5832.555128825067,5952.1198877634915,0.0011637210845947266,0.3660733699798584
251,5832.555128825067,5952.1198877634915,0.0015003681182861328,0.3678560256958008
252,5832.555128825067,5952.1198877634915,0.0011854171752929688,0.369295597076416
253,5832.555128825067,5952.1198877634915,0.0013327598571777344,0.3709430694580078
254,5832.555128825067,5952.1198877634915,0.0011682510375976562,0.3723599910736084
255,5832.555128825067,5952.1198877634915,0.0011870861053466797,0.37375903129577637
256,5832.555128825067,5952.1198877634915,0.0011777877807617188,0.3751661777496338
257,5832.555128825067,5952.1198877634915,0.0011589527130126953,0.37651634216308594
258,5832.555128825067,5952.1198877634915,0.0011799335479736328,0.3778808116912842
259,5832.555128825067,5928.942172735469,0.0011692047119140625,0.37926411628723145
260,5832.555128825067,5928.942172735469,0.0011675357818603516,0.38060951232910156
261,5832.555128825067,5928.942172735469,0.0011725425720214844,0.3819577693939209
262,5832.555128825067,5928.942172735469,0.0012943744659423828,0.38342761993408203
263,5832.555128825067,5928.942172735469,0.0012083053588867188,0.3849208354949951
264,5832.555128825067,5928.942172735469,0.002577543258666992,0.3878490924835205
265,5832.555128825067,5928.942172735469,0.0011906623840332031,0.389270544052124
266,5832.555128825067,5928.942172735469,0.0011749267578125,0.39067649841308594
267,5832.555128825067,5928.942172735469,0.00116729736328125,0.39206576347351074
268,5832.555128825067,5928.942172735469,0.0011761188507080078,0.3934638500213623
269,5832.555128825067,5928.942172735469,0.0011649131774902344,0.3948194980621338
270,5832.555128825067,5928.942172735469,0.0011661052703857422,0.3961772918701172
271,5832.555128825067,5928.942172735469,0.0011663436889648438,0.39753103256225586
272,5832.555128825067,5928.942172735469,0.0012469291687011719,0.39898014068603516
273,5832.555128825067,5928.942172735469,0.0012803077697753906,0.4005913734436035
274,5832.555128825067,5935.809523594864,0.0011639595031738281,0.40199995040893555
275,5832.555128825067,5935.809523594864,0.0013895034790039062,0.4035983085632324
276,5832.555128825067,5935.809523594864,0.0011878013610839844,0.4050934314727783
277,5832.555128825067,5935.809523594864,0.0011696815490722656,0.40646934509277344
278,5832.555128825067,5935.809523594864,0.0011777877807617188,0.40784311294555664
279,5832.555128825067,5935.809523594864,0.0011630058288574219,0.40919923782348633
280,5832.555128825067,5992.612464400389,0.001155853271484375,0.4105567932128906
281,5832.555128825067,5940.91030255953,0.0011744499206542969,0.41192007064819336
282,5832.555128825067,5884.107361754004,0.0011725425720214844,0.4133319854736328
283,5832.555128825067,5884.107361754004,0.0011684894561767578,0.4146881103515625
284,5829.11074573828,5829.11074573828,0.0011723041534423828,0.4161219596862793
285,5829.11074573828,5829.11074573828,0.0011837482452392578,0.4174981117248535
286,5829.11074573828,5829.11074573828,0.0011630058288574219,0.41884899139404297
287,5829.11074573828,5829.11074573828,0.0011715888977050781,0.4202103614807129
288,5829.11074573828,5829.11074573828,0.0011749267578125,0.42157411575317383
289,5829.11074573828,5829.11074573828,0.0011806488037109375,0.4229447841644287
290,5829.11074573828,5829.11074573828,0.0011701583862304688,0.4243042469024658
291,5829.11074573828,5829.11074573828,0.0011897087097167969,0.42568159103393555
292,5829.11074573828,5859.172481025501,0.0011661052703857422,0.42703747749328613
293,5829.11074573828,5859.172481025501,0.0011661052703857422,0.4283897876739502
294,5829.11074573828,5859.172481025501,0.001224517822265625,0.42979907989501953
295,5829.11074573828,5859.172481025501,0.0012023448944091797,0.43128299713134766
296,5829.11074573828,5859.172481025501,0.0012011528015136719,0.4327969551086426
297,5829.11074573828,5859.172481025501,0.0012180805206298828,0.43421173095703125
298,5829.11074573828,5878.867842907292,0.0011706352233886719,0.43564510345458984
299,5829.11074573828,5878.867842907292,0.0011696815490722656,0.43704795837402344
300,5829.11074573828,5879.796502907241,0.0011730194091796875,0.43840694427490234
301,5829.11074573828,5879.796502907241,0.0014584064483642578,0.4401438236236572
302,5829.11074573828,5879.796502907241,0.0011701583862304688,0.44153523445129395
303,5829.11074573828,5879.796502907241,0.0011742115020751953,0.44290852546691895
304,5829.11074573828,5879.796502907241,0.0011692047119140625,0.444263219833374
305,5829.11074573828,5879.796502907241,0.0012793540954589844,0.44574785232543945
306,5829.11074573828,5860.10114102545,0.0011816024780273438,0.44716596603393555
307,5829.11074573828,5860.10114102545,0.0011775493621826172,0.4485318660736084
308,5829.11074573828,5830.039405738229,0.00250244140625,0.4512925148010254
309,5829.11074573828,5830.039405738229,0.0011708736419677734,0.4526991844177246
310,5829.11074573828,5830.039405738229,0.0011761188507080078,0.45407748222351074
311,5829.11074573828,5830.039405738229,0.0011718273162841797,0.4554469585418701
312,5829.11074573828,5830.039405738229,0.0011601448059082031,0.4568037986755371
313,5829.11074573828,5830.039405738229,0.0011737346649169922,0.45816636085510254
314,5829.11074573828,5830.039405738229,0.0011630058288574219,0.4595189094543457
315,5829.11074573828,5829.11074573828,0.0012004375457763672,0.46091175079345703
316,5829.11074573828,5829.11074573828,0.001169443130493164,0.4622972011566162
317,5829.11074573828,5829.11074573828,0.0011706352233886719,0.4636685848236084
318,5829.11074573828,5829.11074573828,0.0012345314025878906,0.4650876522064209
319,5829.11074573828,5829.11074573828,0.0011827945709228516,0.4665098190307617
320,5829.11074573828,5829.11074573828,0.001176595687866211,0.4679293632507324
321,5829.11074573828,5829.11074573828,0.0011603832244873047,0.46935343742370605
322,5829.11074573828,5829.11074573828,0.0011606216430664062,0.47070980072021484
323,5829.11074573828,5829.11074573828,0.0011625289916992188,0.4720640182495117
324,5829.11074573828,5829.11074573828,0.0011625289916992188,0.4734480381011963
325,5829.11074573828,5829.11074573828,0.0011649131774902344,0.4748249053955078
326,5829.11074573828,5829.11074573828,0.0012001991271972656,0.47625184059143066
327,5829.11074573828,5885.986431722816,0.0018777847290039062,0.47836899757385254
328,5829.11074573828,5885.986431722816,0.0011928081512451172,0.4799180030822754
329,5829.11074573828,5885.986431722816,0.0011730194091796875,0.4813048839569092
330,5829.11074573828,5885.986431722816,0.0011756420135498047,0.48267579078674316
331,5829.11074573828,5885.986431722816,0.0011649131774902344,0.4840366840362549
332,5829.11074573828,5885.986431722816,0.001153707504272461,0.4853978157043457
333,5829.11074573828,5885.986431722816,0.0011587142944335938,0.4867532253265381
334,5829.11074573828,5885.986431722816,0.0011744499206542969,0.4881253242492676
335,5829.11074573828,5885.986431722816,0.0011556148529052734,0.489516019821167
336,5829.11074573828,5885.986431722816,0.0011677742004394531,0.49086928367614746
337,5829.11074573828,5929.60857351524,0.0011937618255615234,0.4922456741333008
338,5829.11074573828,5984.605189530965,0.0011687278747558594,0.49361515045166016
339,5829.11074573828,5984.605189530965,0.0011856555938720703,0.4949839115142822
340,5829.11074573828,5984.605189530965,0.0011646747589111328,0.49633193016052246
341,5829.11074573828,5984.605189530965,0.0011703968048095703,0.4976818561553955
342,5829.11074573828,5984.605189530965,0.0012326240539550781,0.4991006851196289
343,5829.11074573828,5984.605189530965,0.0011649131774902344,0.5004637241363525
344,5829.11074573828,5984.605189530965,0.0011713504791259766,0.5018157958984375
345,5829.11074573828,5984.605189530965,0.0011625289916992188,0.5032930374145508
346,5829.11074573828,5984.605189530965,0.0011653900146484375,0.504657506942749
347,5829.11074573828,5984.605189530965,0.001173257827758789,0.506040096282959
348,5829.11074573828,6052.401590855372,0.0011665821075439453,0.5073854923248291
349,5829.11074573828,5995.525904870836,0.0011954307556152344,0.5087816715240479
350,5829.11074573828,6084.24404872368,0.001165151596069336,0.5101377964019775
351,5829.11074573828,6084.24404872368,0.001367807388305664,0.5117835998535156
352,5829.11074573828,6084.24404872368,0.0011720657348632812,0.513176679611206
353,5829.11074573828,6056.857068012716,0.0011703968048095703,0.5145251750946045
354,5829.11074573828,6056.857068012716,0.0011754035949707031,0.515878438949585
355,5829.11074573828,6056.857068012716,0.0011615753173828125,0.5172433853149414
356,5829.11074573828,6056.857068012716,0.0011737346649169922,0.5185911655426025
357,5829.11074573828,6056.857068012716,0.0012044906616210938,0.519972562789917
358,5829.11074573828,6056.857068012716,0.0011653900146484375,0.5213162899017334
359,5829.11074573828,6056.857068012716,0.0011630058288574219,0.522653341293335
360,5829.11074573828,6056.857068012716,0.0013461112976074219,0.5241920948028564
361,5829.11074573828,6056.857068012716,0.0025942325592041016,0.527125358581543
362,5829.11074573828,6126.432490423586,0.0011856555938720703,0.5286190509796143
363,5829.11074573828,6083.901505817759,0.0011775493621826172,0.5300354957580566
364,5829.11074573828,6083.901505817759,0.001177072525024414,0.5314249992370605
365,5829.11074573828,6083.901505817759,0.0011928081512451172,0.5328431129455566
366,5829.11074573828,6083.901505817759,0.0011758804321289062,0.5342609882354736
367,5829.11074573828,6083.901505817759,0.0012235641479492188,0.5357141494750977
368,5829.11074573828,6083.901505817759,0.0011610984802246094,0.537116289138794
369,5829.11074573828,6083.901505817759,0.0011658668518066406,0.5384769439697266
370,5829.11074573828,6083.901505817759,0.0012023448944091797,0.539872407913208
371,5829.11074573828,6083.901505817759,0.0012593269348144531,0.5413706302642822
372,5829.11074573828,6083.901505817759,0.0011715888977050781,0.5427858829498291
373,5829.11074573828,6083.901505817759,0.0011692047119140625,0.5441558361053467
374,5829.11074573828,6083.901505817759,0.0011687278747558594,0.5455162525177002
375,5829.11074573828,6083.901505817759,0.001165628433227539,0.5468759536743164
376,5829.11074573828,6083.901505817759,0.001165151596069336,0.5482373237609863
377,5829.11074573828,6083.901505817759,0.0011622905731201172,0.5495951175689697
378,5829.11074573828,6083.901505817759,0.0011794567108154297,0.5509674549102783
379,5829.11074573828,6083.901505817759,0.00115203857421875,0.5523455142974854
380,5829.11074573828,6173.271891030571,0.0011589527130126953,0.5536928176879883
381,5829.11074573828,6173.271891030571,0.0012722015380859375,0.555152177810669
382,5829.11074573828,6173.271891030571,0.0011873245239257812,0.5565974712371826
383,5829.11074573828,6173.271891030571,0.001178741455078125,0.5579781532287598
384,5829.11074573828,6105.475489706165,0.0011570453643798828,0.5593233108520508
385,5829.11074573828,6105.475489706165,0.0011682510375976562,0.5606729984283447
386,5829.11074573828,6179.485589668585,0.001163482666015625,0.5620226860046387
387,5829.11074573828,6124.48897365286,0.0011646747589111328,0.5633716583251953
388,5829.11074573828,6124.48897365286,0.0011653900146484375,0.5647177696228027
389,5829.11074573828,6124.48897365286,0.001186370849609375,0.5661351680755615
390,5829.11074573828,6124.48897365286,0.0011665821075439453,0.5675034523010254
391,5829.11074573828,6124.48897365286,0.00116729736328125,0.5688481330871582
392,5829.11074573828,6124.1442252865945,0.0013041496276855469,0.5703301429748535
393,5829.11074573828,6124.1442252865945,0.0012047290802001953,0.5717859268188477
394,5829.11074573828,6078.04110829431,0.0011773109436035156,0.5731611251831055
395,5829.11074573828,6074.530310726124,0.0011799335479736328,0.5745201110839844
396,5829.11074573828,6185.485249595246,0.0011568069458007812,0.5758554935455322
397,5829.11074573828,6185.485249595246,0.001163482666015625,0.57720947265625
398,5829.11074573828,6185.485249595246,0.0011653900146484375,0.5785512924194336
399,5829.11074573828,6185.485249595246,0.0011813640594482422,0.5799105167388916
400,5829.11074573828,6185.485249595246,0.001171112060546875,0.5812959671020508
401,5829.11074573828,6185.485249595246,0.0014042854309082031,0.5829730033874512
402,5829.11074573828,6155.362849351872,0.0011742115020751953,0.5843460559844971
403,5829.11074573828,6155.362849351872,0.0011658668518066406,0.5856990814208984
404,5829.11074573828,6040.749674854027,0.0012638568878173828,0.5871963500976562
405,5829.11074573828,6019.892581484922,0.0011777877807617188,0.5886781215667725
406,5829.11074573828,6019.892581484922,0.0011639595031738281,0.59002685546875
407,5829.11074573828,6019.892581484922,0.0011730194091796875,0.5913770198822021
408,5829.11074573828,6019.892581484922,0.001165628433227539,0.5927319526672363
409,5829.11074573828,6019.892581484922,0.0011641979217529297,0.5940728187561035
410,5829.11074573828,6010.054422669179,0.0011811256408691406,0.5954539775848389
411,5829.11074573828,6010.054422669179,0.0011675357818603516,0.5968022346496582
412,5829.11074573828,6010.054422669179,0.0011627674102783203,0.5981428623199463
413,5829.11074573828,6010.054422669179,0.0011644363403320312,0.5994813442230225
414,5829.11074573828,6010.054422669179,0.0011703968048095703,0.6008286476135254
415,5829.11074573828,6010.054422669179,0.0012166500091552734,0.6022772789001465
416,5829.11074573828,6010.054422669179,0.0013275146484375,0.6038844585418701
417,5829.11074573828,6010.054422669179,0.0011715888977050781,0.6064403057098389
418,5829.11074573828,6010.054422669179,0.001178741455078125,0.6078500747680664
419,5829.11074573828,6055.63811929704,0.0011641979217529297,0.6092226505279541
420,5829.11074573828,5898.885626228733,0.0012099742889404297,0.6106288433074951
421,5829.11074573828,5898.885626228733,0.001165151596069336,0.6119937896728516
422,5829.11074573828,5898.885626228733,0.0011670589447021484,0.6133506298065186
423,5829.11074573828,5898.885626228733,0.0011670589447021484,0.6147115230560303
424,5829.11074573828,5898.885626228733,0.0011725425720214844,0.6160783767700195
425,5829.11074573828,5918.580988110523,0.0012009143829345703,0.6174893379211426
426,5829.11074573828,5918.580988110523,0.001177072525024414,0.6189155578613281
427,5829.11074573828,5918.580988110523,0.0011830329895019531,0.6203091144561768
428,5829.11074573828,5918.580988110523,0.0011792182922363281,0.6216769218444824
429,5829.11074573828,5918.580988110523,0.0011935234069824219,0.6230840682983398
430,5829.11074573828,5918.580988110523,0.0011773109436035156,0.6244871616363525
431,5829.11074573828,5918.580988110523,0.001184701919555664,0.6259288787841797
432,5829.11074573828,5918.580988110523,0.0011723041534423828,0.6273200511932373
433,5829.11074573828,5918.580988110523,0.0011730194091796875,0.6287059783935547
434,5829.11074573828,5918.580988110523,0.0011785030364990234,0.6300926208496094
435,5829.11074573828,5921.612536405212,0.0011796951293945312,0.6314699649810791
436,5829.11074573828,5921.612536405212,0.0012078285217285156,0.6328830718994141
437,5829.11074573828,6008.138261994016,0.0011906623840332031,0.6343202590942383
438,5829.11074573828,6008.138261994016,0.001165628433227539,0.635765552520752
439,5829.11074573828,6008.138261994016,0.0011637210845947266,0.6371207237243652
440,5829.11074573828,6005.557910611087,0.0011696815490722656,0.6384823322296143
441,5829.11074573828,6005.557910611087,0.0011887550354003906,0.6398830413818359
442,5829.11074573828,6005.557910611087,0.0011675357818603516,0.6412336826324463
443,5829.11074573828,6015.39606942683,0.0011548995971679688,0.6425862312316895
444,5829.11074573828,6015.39606942683,0.0011551380157470703,0.6439244747161865
445,5829.11074573828,6015.39606942683,0.0011565685272216797,0.6452581882476807
446,5829.11074573828,6015.39606942683,0.0011603832244873047,0.6465983390808105
447,5829.11074573828,5974.9734608303115,0.0012385845184326172,0.648017406463623
448,5829.11074573828,5974.9734608303115,0.001184225082397461,0.6494097709655762
449,5829.11074573828,5974.9734608303115,0.0012099742889404297,0.6508224010467529
450,5829.11074573828,5938.506115797823,0.001163482666015625,0.6522150039672852
451,5829.11074573828,6023.5125449199295,0.0011832714080810547,0.6537625789642334
452,5829.11074573828,6004.140083430679,0.0012001991271972656,0.6552042961120605
453,5829.11074573828,6004.140083430679,0.0011751651763916016,0.6565756797790527
454,5829.11074573828,6004.140083430679,0.0011742115020751953,0.6579685211181641
455,5829.11074573828,6004.140083430679,0.0011677742004394531,0.659327507019043
456,5829.11074573828,6004.140083430679,0.0011661052703857422,0.660722017288208
457,5829.11074573828,6004.140083430679,0.001155853271484375,0.6620862483978271
458,5829.11074573828,6004.140083430679,0.00121307373046875,0.6634800434112549
459,5829.11074573828,6004.140083430679,0.001188039779663086,0.6648991107940674
460,5829.11074573828,6004.140083430679,0.0011866092681884766,0.6663196086883545
461,5829.11074573828,6004.140083430679,0.0025529861450195312,0.6690895557403564
462,5829.11074573828,6004.140083430679,0.0011911392211914062,0.6705727577209473
463,5829.11074573828,5984.444721548887,0.0011832714080810547,0.6719908714294434
464,5829.11074573828,5984.444721548887,0.0011649131774902344,0.6733505725860596
465,5829.11074573828,5984.444721548887,0.0011785030364990234,0.6747193336486816
466,5829.11074573828,5984.444721548887,0.0011744499206542969,0.6761057376861572
467,5829.11074573828,5984.444721548887,0.0011577606201171875,0.6774559020996094
468,5829.11074573828,5984.444721548887,0.0011708736419677734,0.6788215637207031
469,5829.11074573828,5899.438292426782,0.0011682510375976562,0.6801960468292236
470,5829.11074573828,5855.915526817425,0.0011630058288574219,0.6815774440765381
471,5829.11074573828,5855.915526817425,0.0011818408966064453,0.6830365657806396
472,5829.11074573828,5855.915526817425,0.0011937618255615234,0.6844356060028076
473,5829.11074573828,5855.915526817425,0.001203298568725586,0.6859023571014404
474,5829.11074573828,5855.915526817425,0.0011675357818603516,0.6873211860656738
475,5829.11074573828,5855.915526817425,0.0011706352233886719,0.6886827945709229
476,5829.11074573828,5855.915526817425,0.001161813735961914,0.6900243759155273
477,5829.11074573828,5864.186391959094,0.0011687278747558594,0.6913707256317139
478,5829.11074573828,5864.186391959094,0.0011680126190185547,0.6927156448364258
479,5829.11074573828,5864.186391959094,0.0012116432189941406,0.6941111087799072
480,5829.11074573828,5864.186391959094,0.0011742115020751953,0.6955142021179199
481,5829.11074573828,5864.186391959094,0.001161813735961914,0.6968774795532227
482,5829.11074573828,5864.186391959094,0.0011663436889648438,0.6982612609863281
483,5829.11074573828,5864.186391959094,0.0011556148529052734,0.6996114253997803
484,5829.11074573828,5864.186391959094,0.0011718273162841797,0.7009832859039307
485,5829.11074573828,5864.186391959094,0.0011665821075439453,0.7023434638977051
486,5829.11074573828,5864.186391959094,0.0011610984802246094,0.7037050724029541
487,5829.11074573828,5864.186391959094,0.0011637210845947266,0.7050659656524658
488,5818.602695331233,5818.602695331233,0.0011670589447021484,0.7064208984375
489,5818.602695331233,5818.602695331233,0.001180887222290039,0.7077925205230713
490,5818.602695331233,5818.602695331233,0.001238107681274414,0.7092225551605225
491,5818.602695331233,5818.602695331233,0.001276254653930664,0.7107822895050049
492,5818.602695331233,5818.602695331233,0.0011608600616455078,0.7121636867523193
493,5818.602695331233,5837.975156820484,0.001165151596069336,0.7135124206542969
494,5818.602695331233,5837.975156820484,0.0011682510375976562,0.7148890495300293
495,5818.602695331233,5868.0975570638575,0.0011706352233886719,0.7162678241729736
496,5818.602695331233,5868.0975570638575,0.0011699199676513672,0.7176172733306885
497,5818.602695331233,5868.0975570638575,0.0011718273162841797,0.7189681529998779
498,5818.602695331233,5868.0975570638575,0.0011577606201171875,0.7203044891357422
499,5818.602695331233,5868.0975570638575,0.0011606216430664062,0.7216496467590332
500,5818.602695331233,5868.0975570638575,0.0011661052703857422,0.7230029106140137
501,5818.602695331233,5868.0975570638575,0.0013957023620605469,0.7246944904327393
502,5818.602695331233,5934.346251764843,0.0011830329895019531,0.7261464595794678
503,5818.602695331233,5934.346251764843,0.0013420581817626953,0.7276849746704102
504,5818.602695331233,5934.346251764843,0.0011773109436035156,0.7291083335876465
505,5818.602695331233,5914.973790275593,0.0011830329895019531,0.7304792404174805
506,5818.602695331233,5852.169478661394,0.001163482666015625,0.7318260669708252
507,5818.602695331233,5898.27259565368,0.0011684894561767578,0.7331774234771729
508,5818.602695331233,5898.27259565368,0.0011606216430664062,0.7345216274261475
509,5818.602695331233,5898.27259565368,0.0011653900146484375,0.735933780670166
510,5818.602695331233,5898.27259565368,0.0011680126190185547,0.7372779846191406
511,5818.602695331233,5943.773123022848,0.001154184341430664,0.7386085987091064
512,5818.602695331233,5943.773123022848,0.0011982917785644531,0.7399816513061523
513,5818.602695331233,5943.773123022848,0.0011823177337646484,0.7413833141326904
514,5818.602695331233,5943.773123022848,0.0012965202331542969,0.7440650463104248
515,5818.602695331233,5898.27259565368,0.0012073516845703125,0.7454957962036133
516,5818.602695331233,5898.27259565368,0.001155853271484375,0.746849775314331
517,5818.602695331233,5898.27259565368,0.0011715888977050781,0.7482359409332275
518,5818.602695331233,5898.27259565368,0.0011820793151855469,0.7496175765991211
519,5818.602695331233,5898.27259565368,0.0011675357818603516,0.7510015964508057
520,5818.602695331233,5898.27259565368,0.0011572837829589844,0.7523672580718994
521,5818.602695331233,5898.27259565368,0.0011572837829589844,0.7537140846252441
522,5818.602695331233,5898.27259565368,0.0012102127075195312,0.7551147937774658
523,5818.602695331233,5865.569844027377,0.0012011528015136719,0.7565524578094482
524,5818.602695331233,5865.569844027377,0.0012285709381103516,0.7580604553222656
525,5818.602695331233,5865.569844027377,0.0011785030364990234,0.7594778537750244
526,5818.602695331233,5865.569844027377,0.0011973381042480469,0.7608685493469238
527,5818.602695331233,5865.569844027377,0.0011630058288574219,0.7622332572937012
528,5818.602695331233,5895.631579314599,0.0011570453643798828,0.7635822296142578
529,5818.602695331233,5895.631579314599,0.0011527538299560547,0.7649250030517578
530,5818.602695331233,5969.364345241527,0.0011615753173828125,0.7662913799285889
531,5818.602695331233,5969.364345241527,0.0011680126190185547,0.7676899433135986
532,5818.602695331233,5969.364345241527,0.0011563301086425781,0.7690455913543701
533,5818.602695331233,5925.841579632171,0.001201629638671875,0.7704408168792725
534,5818.602695331233,5925.841579632171,0.0011730194091796875,0.7718310356140137
535,5818.602695331233,5925.841579632171,0.0011684894561767578,0.7732081413269043
536,5818.602695331233,5925.841579632171,0.0011587142944335938,0.7745952606201172
537,5818.602695331233,5925.841579632171,0.0011973381042480469,0.7760074138641357
538,5818.602695331233,5925.841579632171,0.0011713504791259766,0.7773702144622803
539,5818.602695331233,5925.841579632171,0.001172780990600586,0.7787318229675293
540,5818.602695331233,5925.841579632171,0.0011680126190185547,0.7800800800323486
541,5818.602695331233,5925.841579632171,0.0011675357818603516,0.7814273834228516
542,5818.602695331233,5925.841579632171,0.0011622905731201172,0.782766580581665
543,5818.602695331233,5925.841579632171,0.0011572837829589844,0.7841029167175293
544,5818.602695331233,5925.841579632171,0.001165628433227539,0.7854468822479248
545,5818.602695331233,5925.841579632171,0.0012106895446777344,0.7868843078613281
546,5818.602695331233,5925.841579632171,0.0011725425720214844,0.7882490158081055
547,5818.602695331233,6009.938415207992,0.0011653900146484375,0.7895925045013428
548,5818.602695331233,6009.938415207992,0.0011823177337646484,0.7909495830535889
549,5818.602695331233,6009.938415207992,0.0011577606201171875,0.7922873497009277
550,5818.602695331233,6009.938415207992,0.0011594295501708984,0.7936229705810547
551,5818.602695331233,6009.938415207992,0.0014057159423828125,0.7953159809112549
552,5818.602695331233,5991.496681461582,0.0012216567993164062,0.7967920303344727
553,5818.602695331233,5991.496681461582,0.0011744499206542969,0.7981648445129395
554,5818.602695331233,5991.496681461582,0.0011630058288574219,0.7995138168334961
555,5818.602695331233,5983.225816319913,0.0011620521545410156,0.8008577823638916
556,5818.602695331233,5983.225816319913,0.001184701919555664,0.8022205829620361
557,5818.602695331233,5909.4930503929845,0.0011968612670898438,0.8036623001098633
558,5818.602695331233,5909.4930503929845,0.0011780261993408203,0.8050839900970459
559,5818.602695331233,5909.4930503929845,0.0011970996856689453,0.8064885139465332
560,5818.602695331233,5909.4930503929845,0.0011644363403320312,0.8078398704528809
561,5818.602695331233,5909.4930503929845,0.0011663436889648438,0.809196949005127
562,5818.602695331233,5909.4930503929845,0.001161336898803711,0.8105354309082031
563,5818.602695331233,5909.4930503929845,0.0011718273162841797,0.8118917942047119
564,5818.602695331233,5909.4930503929845,0.001165151596069336,0.813277006149292
565,5818.602695331233,5909.4930503929845,0.0011584758758544922,0.8146336078643799
566,5818.602695331233,5909.4930503929845,0.001180410385131836,0.8160145282745361
567,5818.602695331233,5909.4930503929845,0.001504659652709961,0.8189051151275635
568,5818.602695331233,5909.4930503929845,0.0011663436889648438,0.8202955722808838
569,5818.602695331233,5909.4930503929845,0.0011963844299316406,0.8216962814331055
570,5818.602695331233,5909.4930503929845,0.0011758804321289062,0.8231091499328613
571,5818.602695331233,5909.4930503929845,0.0011768341064453125,0.8245110511779785
572,5818.602695331233,5909.4930503929845,0.0011661052703857422,0.8258740901947021
573,5818.602695331233,5909.4930503929845,0.0011701583862304688,0.8272559642791748
574,5818.602695331233,5909.4930503929845,0.0011620521545410156,0.8286094665527344
575,5818.602695331233,5909.4930503929845,0.0011730194091796875,0.8299717903137207
576,5818.602695331233,5909.4930503929845,0.0011761188507080078,0.8313305377960205
577,5818.602695331233,5885.228376458252,0.0012602806091308594,0.8327858448028564
578,5818.602695331233,5885.228376458252,0.001172780990600586,0.834242582321167
579,5818.602695331233,5928.751142067608,0.0012028217315673828,0.835662841796875
580,5818.602695331233,5928.751142067608,0.0011754035949707031,0.837040901184082
581,5818.602695331233,5928.751142067608,0.00116729736328125,0.8384015560150146
582,5818.602695331233,5928.751142067608,0.001165151596069336,0.8397560119628906
583,5818.602695331233,5928.751142067608,0.001157522201538086,0.8411080837249756
584,5818.602695331233,6002.483907994537,0.0011553764343261719,0.8424596786499023
585,5818.602695331233,6002.483907994537,0.0011706352233886719,0.8438198566436768
586,5818.602695331233,6002.483907994537,0.001163482666015625,0.8451797962188721
587,5818.602695331233,6002.483907994537,0.0011572837829589844,0.8465287685394287
588,5818.602695331233,6002.483907994537,0.0013060569763183594,0.8480234146118164
589,5818.602695331233,6002.483907994537,0.0013873577117919922,0.8498592376708984
590,5818.602695331233,6002.483907994537,0.0012621879577636719,0.8514153957366943
591,5818.602695331233,6002.483907994537,0.0011801719665527344,0.852806568145752
592,5818.602695331233,6002.483907994537,0.0011696815490722656,0.8541872501373291
593,5818.602695331233,6002.483907994537,0.0011637210845947266,0.8555335998535156
594,5818.602695331233,6002.483907994537,0.0011661052703857422,0.8569130897521973
595,5818.602695331233,6002.483907994537,0.0011620521545410156,0.8582580089569092
596,5818.602695331233,6002.483907994537,0.001173257827758789,0.8596112728118896
597,5818.602695331233,6002.483907994537,0.0011749267578125,0.8609724044799805
598,5818.602695331233,6002.483907994537,0.0011653900146484375,0.8623659610748291
599,5818.602695331233,6002.483907994537,0.00122833251953125,0.8638064861297607
600,5818.602695331233,6115.832721998968,0.0012073516845703125,0.8652241230010986
601,5818.602695331233,6085.770986711746,0.0014019012451171875,0.8669803142547607
602,5818.602695331233,6085.770986711746,0.0011889934539794922,0.8684580326080322
603,5818.602695331233,6063.030931686299,0.0013327598571777344,0.8700006008148193
604,5818.602695331233,6006.667224157895,0.001260519027709961,0.8715431690216064
605,5818.602695331233,6006.667224157895,0.0011813640594482422,0.8729147911071777
606,5818.602695331233,6006.667224157895,0.0011677742004394531,0.8742649555206299
607,5818.602695331233,6006.667224157895,0.0011620521545410156,0.8756077289581299
608,5818.602695331233,6006.667224157895,0.001163482666015625,0.8769502639770508
609,5818.602695331233,6067.874926441109,0.001173257827758789,0.8783009052276611
610,5818.602695331233,6067.874926441109,0.0012366771697998047,0.8797147274017334
611,5818.602695331233,6067.874926441109,0.0012111663818359375,0.8812150955200195
612,5818.602695331233,6067.874926441109,0.0025370121002197266,0.8839991092681885
613,5818.602695331233,6067.874926441109,0.0011866092681884766,0.8854451179504395
614,5818.602695331233,6067.874926441109,0.0011725425720214844,0.8868327140808105
615,5818.602695331233,6067.874926441109,0.0011816024780273438,0.888218879699707
616,5818.602695331233,6067.874926441109,0.0011684894561767578,0.8895998001098633
617,5818.602695331233,6067.874926441109,0.0011761188507080078,0.8909544944763184
618,5818.602695331233,6067.874926441109,0.0011692047119140625,0.8923201560974121
619,5818.602695331233,6067.874926441109,0.001157522201538086,0.8936631679534912
620,5818.602695331233,6067.874926441109,0.001241445541381836,0.8952264785766602
621,5818.602695331233,6067.874926441109,0.0011699199676513672,0.8965990543365479
622,5818.602695331233,6067.874926441109,0.0011723041534423828,0.8979856967926025
623,5818.602695331233,6067.874926441109,0.0011932849884033203,0.8993813991546631
624,5818.602695331233,6067.874926441109,0.0011942386627197266,0.9008426666259766
625,5818.602695331233,6067.874926441109,0.0011644363403320312,0.9022035598754883
626,5818.602695331233,6067.874926441109,0.0011577606201171875,0.9035441875457764
627,5818.602695331233,6067.874926441109,0.0011610984802246094,0.9048922061920166
628,5818.602695331233,6067.874926441109,0.0011649131774902344,0.9062409400939941
629,5818.602695331233,6067.874926441109,0.0011687278747558594,0.9076633453369141
630,5818.602695331233,6067.874926441109,0.0011606216430664062,0.9090065956115723
631,5818.602695331233,6067.874926441109,0.00128173828125,0.9104712009429932
632,5818.602695331233,6087.5702883229005,0.0012545585632324219,0.9120025634765625
633,5818.602695331233,6087.5702883229005,0.001180410385131836,0.9134187698364258
634,5818.602695331233,6087.5702883229005,0.001172780990600586,0.9147796630859375
635,5818.602695331233,6087.5702883229005,0.0011899471282958984,0.916203498840332
636,5818.602695331233,6087.5702883229005,0.0011620521545410156,0.9175662994384766
637,5818.602695331233,6088.8162142383335,0.0011649131774902344,0.9189193248748779
638,5818.602695331233,6154.878060155226,0.0011720657348632812,0.920285701751709
639,5818.602695331233,6154.878060155226,0.001171112060546875,0.9216444492340088
640,5818.602695331233,6153.632134239793,0.0011639595031738281,0.9229941368103027
641,5818.602695331233,6153.632134239793,0.001161336898803711,0.9243831634521484
642,5818.602695331233,6176.809849267815,0.0011849403381347656,0.9257605075836182
643,5818.602695331233,6096.865997073396,0.0011730194091796875,0.9271576404571533
644,5818.602695331233,6041.869381057672,0.0011646747589111328,0.9285104274749756
645,5818.602695331233,6041.869381057672,0.001161813735961914,0.9298591613769531
646,5818.602695331233,6039.289029674744,0.0011568069458007812,0.9312090873718262
647,5818.602695331233,6033.503441333135,0.0011739730834960938,0.9325613975524902
648,5818.602695331233,6033.503441333135,0.0011684894561767578,0.9339056015014648
649,5818.602695331233,6033.503441333135,0.0011615753173828125,0.9352481365203857
650,5818.602695331233,6033.503441333135,0.0011591911315917969,0.9365966320037842
651,5818.602695331233,6013.8080794513435,0.001180410385131836,0.938037633895874
652,5818.602695331233,6013.8080794513435,0.0011761188507080078,0.9394426345825195
653,5818.602695331233,5947.746233534451,0.0011849403381347656,0.9408137798309326
654,5818.602695331233,5947.746233534451,0.0012083053588867188,0.9422051906585693
655,5818.602695331233,5947.746233534451,0.001190185546875,0.9436404705047607
656,5818.602695331233,5908.466756442425,0.001180410385131836,0.9450552463531494
657,5818.602695331233,5908.466756442425,0.0011839866638183594,0.9464626312255859
658,5818.602695331233,5908.466756442425,0.0011701583862304688,0.9478354454040527
659,5818.602695331233,5908.466756442425,0.0011744499206542969,0.9492349624633789
660,5818.602695331233,5908.466756442425,0.0011625289916992188,0.9505786895751953
661,5818.602695331233,5938.528491729647,0.0011789798736572266,0.9519391059875488
662,5818.602695331233,5938.528491729647,0.0011610984802246094,0.9533023834228516
663,5818.602695331233,5938.528491729647,0.0011641979217529297,0.9546539783477783
664,5818.602695331233,5938.528491729647,0.001186370849609375,0.9560189247131348
665,5818.602695331233,5938.528491729647,0.0011835098266601562,0.9574136734008789
666,5818.602695331233,5938.528491729647,0.0025873184204101562,0.9602785110473633
667,5818.602695331233,5938.528491729647,0.0011725425720214844,0.9616718292236328
668,5818.602695331233,5938.528491729647,0.0011763572692871094,0.9630641937255859
669,5818.602695331233,5938.528491729647,0.001171112060546875,0.9644289016723633
670,5818.602695331233,5938.528491729647,0.001176595687866211,0.9658186435699463
671,5818.602695331233,5938.528491729647,0.0011773109436035156,0.9672603607177734
672,5818.602695331233,5938.528491729647,0.0011773109436035156,0.9686496257781982
673,5818.602695331233,5938.528491729647,0.0011696815490722656,0.9700136184692383
674,5818.602695331233,5938.528491729647,0.0011985301971435547,0.9714035987854004
675,5818.602695331233,5938.528491729647,0.0012247562408447266,0.9728279113769531
676,5818.602695331233,5938.528491729647,0.0012271404266357422,0.9743223190307617
677,5818.602695331233,5908.406091486273,0.0011606216430664062,0.975693941116333
678,5818.602695331233,5908.406091486273,0.0011813640594482422,0.9770591259002686
679,5818.602695331233,5908.406091486273,0.0011646747589111328,0.9784142971038818
680,5818.602695331233,5908.406091486273,0.0011718273162841797,0.9797744750976562
681,5818.602695331233,5908.406091486273,0.0011682510375976562,0.981133222579956
682,5818.602695331233,5915.273442345668,0.0011630058288574219,0.982492208480835
683,5818.602695331233,5920.55996036035,0.001161336898803711,0.9839515686035156
684,5818.602695331233,5920.55996036035,0.0011665821075439453,0.9853110313415527
685,5818.602695331233,6011.434339898425,0.001163482666015625,0.9866657257080078
686,5818.602695331233,6011.434339898425,0.0011894702911376953,0.9880459308624268
687,5818.602695331233,6004.5850755310075,0.001165151596069336,0.9894318580627441
688,5818.602695331233,6004.5850755310075,0.001163482666015625,0.9907839298248291
689,5818.602695331233,5985.013173987647,0.0011622905731201172,0.992135763168335
690,5818.602695331233,5985.013173987647,0.0011491775512695312,0.9934730529785156
691,5818.602695331233,6073.731317840491,0.0011603832244873047,0.9948315620422363
692,5818.602695331233,6046.344337129527,0.0011610984802246094,0.996178150177002
693,5818.602695331233,6001.598699050894,0.0011568069458007812,0.9975216388702393
694,5818.602695331233,6001.598699050894,0.0011587142944335938,0.9988710880279541
695,5818.602695331233,6001.598699050894,0.0011947154998779297,1.0002541542053223
696,5818.602695331233,6001.598699050894,0.0011534690856933594,1.001598596572876
697,5818.602695331233,5971.536963763673,0.0011570453643798828,1.002943515777588
698,5818.602695331233,5970.608303763724,0.0012183189392089844,1.0043437480926514
699,5818.602695331233,5970.608303763724,0.0011706352233886719,1.005753755569458
700,5818.602695331233,5970.608303763724,0.001157522201538086,1.0071051120758057
701,5818.602695331233,5970.608303763724,0.0011851787567138672,1.0085556507110596
702,5818.602695331233,5973.661015785758,0.0011658668518066406,1.0099468231201172
703,5818.602695331233,5973.661015785758,0.0011622905731201172,1.0112943649291992
704,5818.602695331233,6031.807019230374,0.0011677742004394531,1.0126616954803467
705,5818.602695331233,6100.530944257581,0.0011551380157470703,1.0139987468719482
706,5818.602695331233,6100.530944257581,0.0012094974517822266,1.0153872966766357
707,5818.602695331233,6100.530944257581,0.0011720657348632812,1.0167438983917236
708,5818.602695331233,6042.384940812965,0.0011649131774902344,1.0180952548980713
709,5818.602695331233,6085.844585418741,0.0012106895446777344,1.019484519958496
710,5818.602695331233,6085.844585418741,0.0014052391052246094,1.0211567878723145
711,5818.602695331233,6085.844585418741,0.0025403499603271484,1.02406907081604
712,5818.602695331233,6085.844585418741,0.0011882781982421875,1.025526523590088
713,5818.602695331233,6040.26088879088,0.0012125968933105469,1.026982307434082
714,5818.602695331233,6040.26088879088,0.0011699199676513672,1.028357982635498
715,5818.602695331233,6040.26088879088,0.0011577606201171875,1.0297048091888428
716,5818.602695331233,6040.26088879088,0.0011944770812988281,1.0310804843902588
717,5818.602695331233,6039.332228790931,0.0011718273162841797,1.0324549674987793
718,5818.602695331233,6039.332228790931,0.0011718273162841797,1.0338356494903564
719,5818.602695331233,6039.332228790931,0.0012373924255371094,1.0352654457092285
720,5818.602695331233,6039.332228790931,0.001186370849609375,1.0366854667663574
721,5818.602695331233,6039.332228790931,0.001153707504272461,1.0380220413208008
722,5818.602695331233,6039.332228790931,0.0011663436889648438,1.0393664836883545
723,5818.602695331233,6206.555571802236,0.0011641979217529297,1.0407192707061768
724,5818.602695331233,6206.555571802236,0.001157999038696289,1.0420958995819092
725,5818.602695331233,6206.555571802236,0.0011699199676513672,1.043487310409546
726,5818.602695331233,6206.555571802236,0.0011630058288574219,1.0448381900787354
727,5818.602695331233,6206.555571802236,0.0011649131774902344,1.046189546585083
728,5818.602695331233,6206.555571802236,0.0011639595031738281,1.0475399494171143
729,5818.602695331233,6233.9425525132,0.0011720657348632812,1.0489075183868408
730,5818.602695331233,6233.9425525132,0.0011544227600097656,1.0502519607543945
731,5818.602695331233,6197.446405593032,0.0011909008026123047,1.0516343116760254
732,5818.602695331233,6197.446405593032,0.001172780990600586,1.0530426502227783
733,5818.602695331233,6197.446405593032,0.001168966293334961,1.0544168949127197
734,5818.602695331233,6197.446405593032,0.0011515617370605469,1.0557713508605957
735,5818.602695331233,6190.579054733637,0.0011699199676513672,1.0571231842041016
736,5818.602695331233,6101.860910880793,0.001161813735961914,1.0584666728973389
737,5818.602695331233,6101.860910880793,0.0011773109436035156,1.0598301887512207
738,5818.602695331233,6101.860910880793,0.0011870861053466797,1.0611979961395264
739,5818.602695331233,6101.860910880793,0.001169443130493164,1.0625524520874023
740,5818.602695331233,5965.847196774975,0.0011713504791259766,1.063903570175171
741,5818.602695331233,5965.847196774975,0.001190185546875,1.0652711391448975
742,5818.602695331233,5901.279053852275,0.0011916160583496094,1.0666687488555908
743,5818.602695331233,5901.279053852275,0.0011649131774902344,1.0680437088012695
744,5818.602695331233,5901.279053852275,0.0011827945709228516,1.0694465637207031
745,5818.602695331233,5901.279053852275,0.0011725425720214844,1.070824146270752
746,5818.602695331233,5967.340899769168,0.0011739730834960938,1.0722324848175049
747,5818.602695331233,5967.340899769168,0.0011630058288574219,1.0736992359161377
748,5818.602695331233,5898.61697474196,0.0011851787567138672,1.0750839710235596
749,5818.602695331233,5898.61697474196,0.0011668205261230469,1.0764641761779785
750,5818.602695331233,5898.61697474196,0.0011625289916992188,1.0778169631958008
751,5818.602695331233,5898.61697474196,0.0011937618255615234,1.0793039798736572
752,5818.602695331233,5898.61697474196,0.001224517822265625,1.0807394981384277
753,5818.602695331233,5898.61697474196,0.0012769699096679688,1.0824084281921387
754,5818.602695331233,5898.61697474196,0.0011937618255615234,1.0839998722076416
755,5818.602695331233,5898.61697474196,0.0011839866638183594,1.085463285446167
756,5818.602695331233,5898.61697474196,0.0011708736419677734,1.0868446826934814
757,5818.602695331233,5898.61697474196,0.0011937618255615234,1.0882470607757568
758,5818.602695331233,5898.61697474196,0.001195669174194336,1.089660406112671
759,5818.602695331233,5906.887839883629,0.0012123584747314453,1.0911037921905518
760,5818.602695331233,5906.887839883629,0.001177072525024414,1.0925006866455078
761,5818.602695331233,5906.887839883629,0.0011878013610839844,1.0938973426818848
762,5818.602695331233,5906.887839883629,0.0011782646179199219,1.095343828201294
763,5818.602695331233,5906.887839883629,0.0013642311096191406,1.0969607830047607
764,5818.602695331233,5906.887839883629,0.0014319419860839844,1.098860263824463
765,5818.602695331233,5906.887839883629,0.0012500286102294922,1.1005897521972656
766,5818.602695331233,5950.509981676053,0.0011746883392333984,1.1020047664642334
767,5818.602695331233,5884.44813575916,0.001180410385131836,1.103410005569458
768,5818.602695331233,5884.44813575916,0.0011742115020751953,1.1047894954681396
769,5818.602695331233,5884.44813575916,0.0012035369873046875,1.106184482574463
770,5818.602695331233,5884.44813575916,0.001184225082397461,1.1075904369354248
771,5818.602695331233,5884.44813575916,0.0011756420135498047,1.1089909076690674
772,5818.602695331233,5884.44813575916,0.001168966293334961,1.1103827953338623
773,5818.602695331233,5884.44813575916,0.0012083053588867188,1.1118204593658447
774,5818.602695331233,5884.44813575916,0.0012042522430419922,1.1132655143737793
775,5818.602695331233,5884.44813575916,0.0011777877807617188,1.1146776676177979
776,5818.602695331233,5884.44813575916,0.0012128353118896484,1.116150140762329
777,5818.602695331233,5884.44813575916,0.0011904239654541016,1.1176567077636719
778,5818.602695331233,5884.44813575916,0.0011875629425048828,1.119072437286377
779,5818.602695331233,5884.44813575916,0.0011742115020751953,1.1204841136932373
780,5818.602695331233,5884.44813575916,0.0011777877807617188,1.1219232082366943
781,5818.602695331233,5956.623729502578,0.0011782646179199219,1.1233131885528564
782,5818.602695331233,5956.623729502578,0.0011763572692871094,1.1247062683105469
783,5818.602695331233,5956.623729502578,0.0011894702911376953,1.1261084079742432
784,5818.602695331233,5959.513944337963,0.0012230873107910156,1.1275672912597656
785,5818.602695331233,5959.513944337963,0.0011968612670898438,1.1290481090545654
786,5818.602695331233,5959.513944337963,0.0011730194091796875,1.1304521560668945
787,5818.602695331233,5959.513944337963,0.0011920928955078125,1.1318602561950684
788,5818.602695331233,5938.09386070446,0.0011830329895019531,1.1333050727844238
789,5818.602695331233,5938.09386070446,0.0011665821075439453,1.1346776485443115
790,5818.602695331233,5946.436293593091,0.0012125968933105469,1.136101484298706
791,5818.602695331233,5946.436293593091,0.0011725425720214844,1.1374855041503906
792,5818.602695331233,5946.436293593091,0.0011615753173828125,1.1388356685638428
793,5818.602695331233,5902.9766489873155,0.0011744499206542969,1.1401991844177246
794,5818.602695331233,5943.399257583835,0.0011599063873291016,1.1415462493896484
795,5818.602695331233,5943.399257583835,0.0012481212615966797,1.1429755687713623
796,5818.602695331233,5943.399257583835,0.0011692047119140625,1.1443517208099365
797,5818.602695331233,5943.399257583835,0.0011644363403320312,1.145700216293335
798,5818.602695331233,5943.399257583835,0.001165151596069336,1.1470484733581543
799,5818.602695331233,5943.399257583835,0.0011632442474365234,1.1484317779541016
800,5818.602695331233,6007.9674005065335,0.0011646747589111328,1.1497890949249268
801,5818.602695331233,5984.789685478512,0.0011937618255615234,1.1512508392333984
802,5818.602695331233,5984.789685478512,0.0011837482452392578,1.1526386737823486
803,5818.602695331233,5974.223818143823,0.0011756420135498047,1.1540477275848389
804,5818.602695331233,5973.260683860036,0.0011632442474365234,1.155409812927246
805,5818.602695331233,5973.260683860036,0.0011625289916992188,1.1567637920379639
806,5818.602695331233,5973.260683860036,0.0012524127960205078,1.158195972442627
807,5818.602695331233,5973.260683860036,0.0012471675872802734,1.1597232818603516
808,5818.602695331233,5973.260683860036,0.001165151596069336,1.1611051559448242
809,5818.602695331233,5973.260683860036,0.0011637210845947266,1.1624765396118164
810,5818.602695331233,6103.365097832595,0.001176595687866211,1.1638386249542236
811,5818.602695331233,6228.832378395492,0.0011882781982421875,1.1652092933654785
812,5818.602695331233,6198.2149543592095,0.002526998519897461,1.1680002212524414
813,5818.602695331233,6198.2149543592095,0.0011744499206542969,1.1693918704986572
814,5818.602695331233,6146.23063403259,0.0011930465698242188,1.1707770824432373
815,5818.602695331233,6146.23063403259,0.001173257827758789,1.1721410751342773
816,5818.602695331233,6146.23063403259,0.001230001449584961,1.1735661029815674
817,5818.602695331233,6146.23063403259,0.001201629638671875,1.1750152111053467
818,5818.602695331233,6132.877713657411,0.0012090206146240234,1.1764607429504395
819,5818.602695331233,6132.877713657411,0.001188039779663086,1.177919626235962
820,5818.602695331233,6132.877713657411,0.0011749267578125,1.1793088912963867
821,5818.602695331233,6132.877713657411,0.0012094974517822266,1.180704116821289
822,5818.602695331233,6129.846165362722,0.0011708736419677734,1.1820590496063232
823,5818.602695331233,6129.846165362722,0.001169443130493164,1.183424949645996
824,5818.602695331233,6129.846165362722,0.0011687278747558594,1.1847822666168213
825,5818.602695331233,6129.846165362722,0.0011768341064453125,1.1861522197723389
826,5818.602695331233,6114.257476172767,0.0011627674102783203,1.1875019073486328
827,5818.602695331233,6103.8778191158935,0.0011856555938720703,1.1888773441314697
828,5818.602695331233,6103.8778191158935,0.001180887222290039,1.1902616024017334
829,5818.602695331233,6103.8778191158935,0.0012025833129882812,1.191709280014038
830,5818.602695331233,6103.8778191158935,0.0011806488037109375,1.1931791305541992
831,5818.602695331233,6081.47897095489,0.0011756420135498047,1.1945464611053467
832,5818.602695331233,6081.47897095489,0.0012154579162597656,1.1959800720214844
833,5818.602695331233,6045.480785614289,0.0011725425720214844,1.1973457336425781
834,5818.602695331233,6045.480785614289,0.0011761188507080078,1.1987085342407227
835,5818.602695331233,6045.480785614289,0.00116729736328125,1.200066089630127
836,5818.602695331233,6020.3158540181585,0.001157522201538086,1.201422929763794
837,5818.602695331233,6020.3158540181585,0.0011665821075439453,1.2027778625488281
838,5818.602695331233,6020.3158540181585,0.0011658668518066406,1.204127311706543
839,5818.602695331233,6020.3158540181585,0.0011785030364990234,1.2054860591888428
840,5818.602695331233,6012.044988876491,0.0011670589447021484,1.2068510055541992
841,5818.602695331233,6067.041604892215,0.0011668205261230469,1.2081964015960693
842,5818.602695331233,6067.041604892215,0.0011696815490722656,1.2095444202423096
843,5818.602695331233,6067.041604892215,0.0011737346649169922,1.2109017372131348
844,5818.602695331233,6067.041604892215,0.001165151596069336,1.2122457027435303
845,5818.602695331233,6067.041604892215,0.00116729736328125,1.2135906219482422
846,5818.602695331233,6067.041604892215,0.0011603832244873047,1.2149319648742676
847,5818.602695331233,6067.041604892215,0.0011680126190185547,1.2162978649139404
848,5818.602695331233,6067.041604892215,0.0011546611785888672,1.217630386352539
849,5818.602695331233,6047.669143402964,0.0011715888977050781,1.218984603881836
850,5818.602695331233,5995.966981562105,0.0012040138244628906,1.2204039096832275
851,5818.602695331233,5995.966981562105,0.001528024673461914,1.2223455905914307
852,5818.602695331233,5995.966981562105,0.001176595687866211,1.223755121231079
853,5818.602695331233,5995.966981562105,0.0011610984802246094,1.2251355648040771
854,5818.602695331233,5995.966981562105,0.0011816024780273438,1.2265026569366455
855,5818.602695331233,5995.966981562105,0.0011630058288574219,1.227893352508545
856,5818.602695331233,5995.966981562105,0.0011615753173828125,1.2292358875274658
857,5818.602695331233,6065.821642499486,0.0011608600616455078,1.2305727005004883
858,5818.602695331233,6065.821642499486,0.0011708736419677734,1.231921672821045
859,5818.602695331233,6065.821642499486,0.0011622905731201172,1.2332618236541748
860,5818.602695331233,6085.194103988737,0.0011982917785644531,1.2346363067626953
861,5818.602695331233,6085.194103988737,0.001230478286743164,1.2361016273498535
862,5818.602695331233,6085.194103988737,0.0011696815490722656,1.2375481128692627
863,5818.602695331233,6085.194103988737,0.0011889934539794922,1.2389488220214844
864,5818.602695331233,6085.194103988737,0.0011720657348632812,1.2403206825256348
865,5818.602695331233,6085.194103988737,0.0011570453643798828,1.2417035102844238
866,5818.602695331233,6085.194103988737,0.0011658668518066406,1.243065595626831
867,5818.602695331233,6085.194103988737,0.001178741455078125,1.2444396018981934
868,5818.602695331233,6085.194103988737,0.0011589527130126953,1.2457890510559082
869,5818.602695331233,6107.592952149739,0.0011627674102783203,1.247154712677002
870,5818.602695331233,6107.592952149739,0.001168966293334961,1.24851393699646
871,5818.602695331233,6107.592952149739,0.0011816024780273438,1.249894380569458
872,5818.602695331233,6115.863817291408,0.0011968612670898438,1.2513353824615479
873,5818.602695331233,6177.464463250669,0.0011944770812988281,1.252758264541626
874,5818.602695331233,6275.929920841357,0.001177072525024414,1.2541677951812744
875,5818.602695331233,6275.929920841357,0.0012183189392089844,1.2555887699127197
876,5818.602695331233,6262.407966793073,0.0011792182922363281,1.2569661140441895
877,5818.602695331233,6262.407966793073,0.0011737346649169922,1.258385181427002
878,5818.602695331233,6262.407966793073,0.0011639595031738281,1.259739637374878
879,5818.602695331233,6262.407966793073,0.0011692047119140625,1.2611310482025146
880,5818.602695331233,6262.407966793073,0.0011703968048095703,1.262566089630127
881,5818.602695331233,6262.407966793073,0.0011718273162841797,1.2639284133911133
882,5818.602695331233,6262.407966793073,0.0011742115020751953,1.2652883529663086
883,5818.602695331233,6259.484673556506,0.0011873245239257812,1.266669750213623
884,5818.602695331233,6259.484673556506,0.001180887222290039,1.268054723739624
885,5818.602695331233,6212.810624512364,0.0011649131774902344,1.2694225311279297
886,5818.602695331233,6212.810624512364,0.001168966293334961,1.270780324935913
887,5818.602695331233,6142.955963574982,0.0011630058288574219,1.2721266746520996
888,5818.602695331233,6142.955963574982,0.0011546611785888672,1.273461103439331
889,5818.602695331233,6111.7800947783135,0.001169443130493164,1.2748091220855713
890,5818.602695331233,6111.7800947783135,0.0011661052703857422,1.2761518955230713
891,5818.602695331233,6111.7800947783135,0.0011668205261230469,1.277496576309204
892,5818.602695331233,6101.881610659912,0.001168966293334961,1.278881311416626
893,5818.602695331233,6101.881610659912,0.0011701583862304688,1.2802512645721436
894,5818.602695331233,6081.024517290807,0.001161813735961914,1.2815918922424316
895,5818.602695331233,6081.024517290807,0.0011827945709228516,1.2829501628875732
896,5818.602695331233,6154.374447204709,0.001165628433227539,1.2843055725097656
897,5818.602695331233,6154.374447204709,0.0011777877807617188,1.2856621742248535
898,5818.602695331233,6154.374447204709,0.0011715888977050781,1.2870142459869385
899,5818.602695331233,6154.374447204709,0.0011706352233886719,1.288362979888916
900,5818.602695331233,6168.997685039968,0.0011610984802246094,1.2896995544433594
901,5818.602695331233,6168.997685039968,0.001474142074584961,1.2914631366729736
902,5818.602695331233,6114.001069024243,0.0014195442199707031,1.2931973934173584
903,5818.602695331233,6114.001069024243,0.0011720657348632812,1.2946147918701172
904,5818.602695331233,6112.458769199967,0.0011775493621826172,1.2959823608398438
905,5818.602695331233,6103.732172706927,0.0011608600616455078,1.297325611114502
906,5818.602695331233,6103.732172706927,0.0012161731719970703,1.2987256050109863
907,5818.602695331233,6103.732172706927,0.0012257099151611328,1.3001816272735596
908,5818.602695331233,6103.732172706927,0.0012068748474121094,1.301715612411499
909,5818.602695331233,6103.732172706927,0.0011594295501708984,1.303067684173584
910,5818.602695331233,6103.732172706927,0.0011687278747558594,1.3044312000274658
911,5818.602695331233,6103.732172706927,0.0011785030364990234,1.3058042526245117
912,5818.602695331233,6103.732172706927,0.0011556148529052734,1.307152509689331
913,5818.602695331233,6103.732172706927,0.0011751651763916016,1.3085157871246338
914,5818.602695331233,6103.732172706927,0.0011785030364990234,1.3098971843719482
915,5818.602695331233,6103.732172706927,0.0011620521545410156,1.3112404346466064
916,5818.602695331233,6045.586169262311,0.0011706352233886719,1.3125882148742676
917,5818.602695331233,6045.586169262311,0.0013093948364257812,1.314077615737915
918,5818.602695331233,6078.789513875354,0.0012927055358886719,1.315652847290039
919,5818.602695331233,6078.789513875354,0.0011916160583496094,1.3171606063842773
920,5818.602695331233,6078.789513875354,0.001177072525024414,1.3185858726501465
921,5818.602695331233,6048.66711363198,0.0011682510375976562,1.3199503421783447
922,5818.602695331233,6048.66711363198,0.0011615753173828125,1.3213062286376953
923,5818.602695331233,6058.565597750381,0.001176595687866211,1.3226690292358398
924,5818.602695331233,6053.138134749609,0.001171112060546875,1.3240303993225098
925,5818.602695331233,6053.138134749609,0.0011615753173828125,1.325387954711914
926,5818.602695331233,6053.138134749609,0.001163482666015625,1.3267467021942139
927,5818.602695331233,6053.138134749609,0.0011584758758544922,1.3280951976776123
928,5818.602695331233,6053.138134749609,0.0011932849884033203,1.3294868469238281
929,5818.602695331233,6091.3186917709045,0.0012123584747314453,1.330894947052002
930,5818.602695331233,6091.3186917709045,0.0011823177337646484,1.3322787284851074
931,5818.602695331233,6089.357136935469,0.0011646747589111328,1.333643913269043
932,5818.602695331233,6113.298284920748,0.0011749267578125,1.335021734237671
933,5818.602695331233,6113.298284920748,0.0011723041534423828,1.3364200592041016
934,5818.602695331233,6168.294900936473,0.0011682510375976562,1.3377807140350342
935,5818.602695331233,6142.036778391687,0.0011682510375976562,1.3391845226287842
936,5818.602695331233,6142.036778391687,0.0011687278747558594,1.3405447006225586
937,5818.602695331233,6142.036778391687,0.0011591911315917969,1.3419294357299805
938,5818.602695331233,6142.036778391687,0.0011582374572753906,1.3432848453521729
939,5818.602695331233,6251.697518918091,0.0012316703796386719,1.344702959060669
940,5818.602695331233,6201.174988783026,0.0012295246124267578,1.3461940288543701
941,5818.602695331233,6192.832555894395,0.001177072525024414,1.3476264476776123
942,5818.602695331233,6192.832555894395,0.0011796951293945312,1.3490047454833984
943,5818.602695331233,6192.832555894395,0.0011670589447021484,1.350365400314331
944,5818.602695331233,6112.458473595645,0.001155853271484375,1.351712703704834
945,5818.602695331233,6103.842860087711,0.0011630058288574219,1.3530640602111816
946,5818.602695331233,6088.600430066162,0.0011646747589111328,1.3544204235076904
947,5818.602695331233,6088.600430066162,0.001157999038696289,1.3558356761932373
948,5818.602695331233,6088.600430066162,0.0011591911315917969,1.357173204421997
949,5818.602695331233,6088.600430066162,0.0011718273162841797,1.3585243225097656
950,5818.602695331233,6033.603814050438,0.0011591911315917969,1.3598644733428955
951,5818.602695331233,6033.603814050438,0.001470327377319336,1.3616793155670166
952,5818.602695331233,6033.603814050438,0.0011851787567138672,1.363107442855835
953,5818.602695331233,6033.603814050438,0.001336812973022461,1.3646349906921387
954,5818.602695331233,6033.603814050438,0.0012404918670654297,1.366159200668335
955,5818.602695331233,6033.603814050438,0.0011708736419677734,1.3675179481506348
956,5818.602695331233,6033.603814050438,0.001171112060546875,1.3688912391662598
957,5818.602695331233,6033.603814050438,0.0011725425720214844,1.370244026184082
958,5818.602695331233,5993.374259192081,0.0011696815490722656,1.3715946674346924
959,5818.602695331233,5993.374259192081,0.0012006759643554688,1.3729898929595947
960,5818.602695331233,5993.374259192081,0.001169443130493164,1.3743562698364258
961,5818.602695331233,5904.179059518119,0.0011916160583496094,1.3757555484771729
962,5818.602695331233,5904.179059518119,0.0012059211730957031,1.3771860599517822
963,5818.602695331233,5904.179059518119,0.0011661052703857422,1.3785467147827148
964,5818.602695331233,5904.179059518119,0.001155853271484375,1.3798811435699463
965,5818.602695331233,5923.497454688307,0.0011761188507080078,1.3812313079833984
966,5818.602695331233,5923.497454688307,0.0018396377563476562,1.3832573890686035
967,5818.602695331233,5992.221379715514,0.0011680126190185547,1.3853254318237305
968,5818.602695331233,5992.221379715514,0.001165151596069336,1.3867108821868896
969,5818.602695331233,6019.380745912394,0.0011570453643798828,1.3880510330200195
970,5818.602695331233,6019.380745912394,0.0011653900146484375,1.3893980979919434
971,5818.602695331233,6019.380745912394,0.0012004375457763672,1.3907811641693115
972,5818.602695331233,6019.380745912394,0.0011832714080810547,1.392155408859253
973,5818.602695331233,6019.380745912394,0.0011746883392333984,1.3935396671295166
974,5818.602695331233,6019.380745912394,0.0011699199676513672,1.3948993682861328
975,5818.602695331233,6019.380745912394,0.0011627674102783203,1.396249771118164
976,5818.602695331233,6000.062350742206,0.00115966796875,1.3975956439971924
977,5818.602695331233,6000.062350742206,0.00116729736328125,1.3990447521209717
978,5818.602695331233,6000.062350742206,0.001165628433227539,1.4004228115081787
979,5818.602695331233,6000.062350742206,0.0011622905731201172,1.4018077850341797
980,5818.602695331233,6000.062350742206,0.0011637210845947266,1.4031610488891602
981,5818.602695331233,6000.062350742206,0.0011713504791259766,1.4045195579528809
982,5818.602695331233,5999.557623759792,0.0012040138244628906,1.405928611755371
983,5818.602695331233,6018.930085249041,0.0011920928955078125,1.4073302745819092
984,5818.602695331233,6018.930085249041,0.0011909008026123047,1.4087438583374023
985,5818.602695331233,6018.930085249041,0.0012142658233642578,1.4101853370666504
986,5818.602695331233,6018.930085249041,0.0011684894561767578,1.4115684032440186
987,5818.602695331233,6018.930085249041,0.0011622905731201172,1.41292142868042
988,5818.602695331233,6018.930085249041,0.0011546611785888672,1.4142699241638184
989,5818.602695331233,6018.930085249041,0.0011820793151855469,1.4156606197357178
990,5818.602695331233,5950.206160221835,0.0011668205261230469,1.4170165061950684
991,5818.602695331233,5950.206160221835,0.0011658668518066406,1.4183688163757324
992,5818.602695331233,5950.206160221835,0.0011572837829589844,1.4197142124176025
993,5818.602695331233,5950.206160221835,0.001176595687866211,1.4210748672485352
994,5818.602695331233,5930.833698732584,0.0011529922485351562,1.4224178791046143
995,5818.602695331233,5930.833698732584,0.0011904239654541016,1.4238042831420898
996,5818.602695331233,5930.833698732584,0.0011692047119140625,1.42518949508667
997,5818.602695331233,5930.833698732584,0.0011577606201171875,1.4265377521514893
998,5818.602695331233,5930.833698732584,0.0011582374572753906,1.4279229640960693
999,5818.602695331233,5930.833698732584,0.00115966796875,1.4292597770690918
